-- phpMyAdmin SQL Dump
-- version 4.8.4
-- https://www.phpmyadmin.net/
--
-- Host: 127.0.0.1
-- Generation Time: Feb 08, 2019 at 09:46 PM
-- Server version: 10.1.37-MariaDB
-- PHP Version: 7.1.25

SET SQL_MODE = "NO_AUTO_VALUE_ON_ZERO";
SET AUTOCOMMIT = 0;
START TRANSACTION;
SET time_zone = "+00:00";


/*!40101 SET @OLD_CHARACTER_SET_CLIENT=@@CHARACTER_SET_CLIENT */;
/*!40101 SET @OLD_CHARACTER_SET_RESULTS=@@CHARACTER_SET_RESULTS */;
/*!40101 SET @OLD_COLLATION_CONNECTION=@@COLLATION_CONNECTION */;
/*!40101 SET NAMES utf8mb4 */;

--
-- Database: `eapi`
--

-- --------------------------------------------------------

--
-- Table structure for table `migrations`
--

CREATE TABLE `migrations` (
  `id` int(10) UNSIGNED NOT NULL,
  `migration` varchar(191) COLLATE utf8mb4_unicode_ci NOT NULL,
  `batch` int(11) NOT NULL
) ENGINE=InnoDB DEFAULT CHARSET=utf8mb4 COLLATE=utf8mb4_unicode_ci;

--
-- Dumping data for table `migrations`
--

INSERT INTO `migrations` (`id`, `migration`, `batch`) VALUES
(10, '2014_10_12_000000_create_users_table', 1),
(11, '2014_10_12_100000_create_password_resets_table', 1),
(12, '2016_06_01_000001_create_oauth_auth_codes_table', 1),
(13, '2016_06_01_000002_create_oauth_access_tokens_table', 1),
(14, '2016_06_01_000003_create_oauth_refresh_tokens_table', 1),
(15, '2016_06_01_000004_create_oauth_clients_table', 1),
(16, '2016_06_01_000005_create_oauth_personal_access_clients_table', 1),
(17, '2019_01_16_211012_create_products_table', 1),
(18, '2019_01_16_211031_create_reviews_table', 1);

-- --------------------------------------------------------

--
-- Table structure for table `oauth_access_tokens`
--

CREATE TABLE `oauth_access_tokens` (
  `id` varchar(100) COLLATE utf8mb4_unicode_ci NOT NULL,
  `user_id` int(11) DEFAULT NULL,
  `client_id` int(10) UNSIGNED NOT NULL,
  `name` varchar(191) COLLATE utf8mb4_unicode_ci DEFAULT NULL,
  `scopes` text COLLATE utf8mb4_unicode_ci,
  `revoked` tinyint(1) NOT NULL,
  `created_at` timestamp NULL DEFAULT NULL,
  `updated_at` timestamp NULL DEFAULT NULL,
  `expires_at` datetime DEFAULT NULL
) ENGINE=InnoDB DEFAULT CHARSET=utf8mb4 COLLATE=utf8mb4_unicode_ci;

--
-- Dumping data for table `oauth_access_tokens`
--

INSERT INTO `oauth_access_tokens` (`id`, `user_id`, `client_id`, `name`, `scopes`, `revoked`, `created_at`, `updated_at`, `expires_at`) VALUES
('f57f9d5fff7eb79722ff6588a04baa343da20ac47409fc9704a00ae57c8ef79429c84841a4848d6e', 5, 2, NULL, '[]', 0, '2019-01-23 05:26:19', '2019-01-23 05:26:19', '2020-01-22 22:26:19');

-- --------------------------------------------------------

--
-- Table structure for table `oauth_auth_codes`
--

CREATE TABLE `oauth_auth_codes` (
  `id` varchar(100) COLLATE utf8mb4_unicode_ci NOT NULL,
  `user_id` int(11) NOT NULL,
  `client_id` int(10) UNSIGNED NOT NULL,
  `scopes` text COLLATE utf8mb4_unicode_ci,
  `revoked` tinyint(1) NOT NULL,
  `expires_at` datetime DEFAULT NULL
) ENGINE=InnoDB DEFAULT CHARSET=utf8mb4 COLLATE=utf8mb4_unicode_ci;

-- --------------------------------------------------------

--
-- Table structure for table `oauth_clients`
--

CREATE TABLE `oauth_clients` (
  `id` int(10) UNSIGNED NOT NULL,
  `user_id` int(11) DEFAULT NULL,
  `name` varchar(191) COLLATE utf8mb4_unicode_ci NOT NULL,
  `secret` varchar(100) COLLATE utf8mb4_unicode_ci NOT NULL,
  `redirect` text COLLATE utf8mb4_unicode_ci NOT NULL,
  `personal_access_client` tinyint(1) NOT NULL,
  `password_client` tinyint(1) NOT NULL,
  `revoked` tinyint(1) NOT NULL,
  `created_at` timestamp NULL DEFAULT NULL,
  `updated_at` timestamp NULL DEFAULT NULL
) ENGINE=InnoDB DEFAULT CHARSET=utf8mb4 COLLATE=utf8mb4_unicode_ci;

--
-- Dumping data for table `oauth_clients`
--

INSERT INTO `oauth_clients` (`id`, `user_id`, `name`, `secret`, `redirect`, `personal_access_client`, `password_client`, `revoked`, `created_at`, `updated_at`) VALUES
(1, NULL, 'Laravel Personal Access Client', '4B8vb7Kxy9SsfHhluPROW8aYWhNcEKFvEqUZ75iY', 'http://localhost', 1, 0, 0, '2019-01-23 05:15:37', '2019-01-23 05:15:37'),
(2, NULL, 'Laravel Password Grant Client', 'hRrNivwOyzCQZohbnBuPMBOfXjVQQidHsbiExrIU', 'http://localhost', 0, 1, 0, '2019-01-23 05:15:37', '2019-01-23 05:15:37');

-- --------------------------------------------------------

--
-- Table structure for table `oauth_personal_access_clients`
--

CREATE TABLE `oauth_personal_access_clients` (
  `id` int(10) UNSIGNED NOT NULL,
  `client_id` int(10) UNSIGNED NOT NULL,
  `created_at` timestamp NULL DEFAULT NULL,
  `updated_at` timestamp NULL DEFAULT NULL
) ENGINE=InnoDB DEFAULT CHARSET=utf8mb4 COLLATE=utf8mb4_unicode_ci;

--
-- Dumping data for table `oauth_personal_access_clients`
--

INSERT INTO `oauth_personal_access_clients` (`id`, `client_id`, `created_at`, `updated_at`) VALUES
(1, 1, '2019-01-23 05:15:37', '2019-01-23 05:15:37');

-- --------------------------------------------------------

--
-- Table structure for table `oauth_refresh_tokens`
--

CREATE TABLE `oauth_refresh_tokens` (
  `id` varchar(100) COLLATE utf8mb4_unicode_ci NOT NULL,
  `access_token_id` varchar(100) COLLATE utf8mb4_unicode_ci NOT NULL,
  `revoked` tinyint(1) NOT NULL,
  `expires_at` datetime DEFAULT NULL
) ENGINE=InnoDB DEFAULT CHARSET=utf8mb4 COLLATE=utf8mb4_unicode_ci;

--
-- Dumping data for table `oauth_refresh_tokens`
--

INSERT INTO `oauth_refresh_tokens` (`id`, `access_token_id`, `revoked`, `expires_at`) VALUES
('4361b20f9ed74f7623dab6ea60f74e4dc5cb4a536ccd1284d3936b065fc4ea62ba12962b107ec6af', 'f57f9d5fff7eb79722ff6588a04baa343da20ac47409fc9704a00ae57c8ef79429c84841a4848d6e', 0, '2020-01-22 22:26:19');

-- --------------------------------------------------------

--
-- Table structure for table `password_resets`
--

CREATE TABLE `password_resets` (
  `email` varchar(191) COLLATE utf8mb4_unicode_ci NOT NULL,
  `token` varchar(191) COLLATE utf8mb4_unicode_ci NOT NULL,
  `created_at` timestamp NULL DEFAULT NULL
) ENGINE=InnoDB DEFAULT CHARSET=utf8mb4 COLLATE=utf8mb4_unicode_ci;

-- --------------------------------------------------------

--
-- Table structure for table `products`
--

CREATE TABLE `products` (
  `id` int(10) UNSIGNED NOT NULL,
  `name` varchar(191) COLLATE utf8mb4_unicode_ci NOT NULL,
  `detail` text COLLATE utf8mb4_unicode_ci NOT NULL,
  `price` int(11) NOT NULL,
  `stock` int(11) NOT NULL,
  `discount` int(11) NOT NULL,
  `user_id` int(10) UNSIGNED NOT NULL,
  `created_at` timestamp NULL DEFAULT NULL,
  `updated_at` timestamp NULL DEFAULT NULL
) ENGINE=InnoDB DEFAULT CHARSET=utf8mb4 COLLATE=utf8mb4_unicode_ci;

--
-- Dumping data for table `products`
--

INSERT INTO `products` (`id`, `name`, `detail`, `price`, `stock`, `discount`, `user_id`, `created_at`, `updated_at`) VALUES
(1, 'ipsum', 'Qui velit facilis dignissimos et quia labore vero. Ipsa minus quia vel molestiae similique aliquam reprehenderit non. Aperiam id dolorem voluptas.', 593, 2, 23, 4, '2019-01-23 05:04:58', '2019-01-23 05:04:58'),
(2, 'esse', 'Velit consequatur nulla vero recusandae. Beatae cumque exercitationem quam sit et aut ipsa dolorum. Reprehenderit ea eveniet maxime et animi laborum consectetur.', 852, 9, 23, 4, '2019-01-23 05:04:58', '2019-01-23 05:04:58'),
(3, 'inventore', 'Facere aut enim maiores. Sed sed exercitationem doloribus similique nam sequi. Similique dolor dolorum dolorum numquam. Iusto ullam odit ut fugit odio totam accusamus voluptas.', 422, 8, 24, 2, '2019-01-23 05:04:58', '2019-01-23 05:04:58'),
(4, 'consequuntur', 'Iusto rerum neque perspiciatis pariatur vitae. Optio deserunt et nostrum nemo dolores aspernatur aut. Commodi ullam quidem sed dicta.', 714, 9, 21, 1, '2019-01-23 05:04:58', '2019-01-23 05:04:58'),
(5, 'rem', 'Ea nesciunt fugiat et qui consequatur. Dolor libero architecto laborum eos. Dolores qui at voluptatem cumque.', 367, 3, 7, 4, '2019-01-23 05:04:58', '2019-01-23 05:04:58'),
(6, 'debitis', 'Unde qui amet quod repudiandae. Aperiam natus nulla hic aut fugit perspiciatis omnis.', 508, 3, 2, 5, '2019-01-23 05:04:58', '2019-01-23 05:04:58'),
(7, 'hic', 'Iusto consequatur aut maxime. Animi et ullam ullam possimus omnis aperiam. Rerum omnis modi aut ut. Id ea temporibus pariatur quas.', 122, 3, 17, 5, '2019-01-23 05:04:58', '2019-01-23 05:04:58'),
(8, 'quia', 'Aut in cupiditate illum necessitatibus. Debitis qui facilis sunt ex. Commodi ut est non temporibus est provident quam. Nobis alias repellendus voluptatem dolores iusto.', 634, 1, 21, 5, '2019-01-23 05:04:58', '2019-01-23 05:04:58'),
(9, 'animi', 'Rem labore ratione fugiat. Distinctio dolore accusantium qui est corrupti. Dolor qui sit tempore distinctio. Culpa inventore voluptatem praesentium est voluptatem.', 702, 2, 4, 2, '2019-01-23 05:04:58', '2019-01-23 05:04:58'),
(10, 'voluptates', 'Molestias laudantium et molestiae quam modi velit. Necessitatibus sed velit quo molestias vel.', 307, 3, 11, 4, '2019-01-23 05:04:58', '2019-01-23 05:04:58'),
(11, 'distinctio', 'Assumenda quos tempora consequuntur recusandae. Quibusdam non commodi sed dolore optio ipsam. Velit explicabo aliquid aperiam facere explicabo ut.', 477, 8, 25, 1, '2019-01-23 05:04:58', '2019-01-23 05:04:58'),
(12, 'quo', 'Quae amet mollitia porro sed. Illo recusandae quasi quisquam occaecati rerum vel est ut. Quod rerum vel velit iure sint deleniti. Nam nobis sed dolores debitis.', 590, 0, 21, 2, '2019-01-23 05:04:58', '2019-01-23 05:04:58'),
(13, 'repellendus', 'Nesciunt facilis accusantium impedit consectetur amet. Exercitationem consequatur aperiam sit qui consequatur qui. Similique alias quod cupiditate non.', 638, 1, 14, 1, '2019-01-23 05:04:58', '2019-01-23 05:04:58'),
(14, 'architecto', 'Porro quia labore rerum quo recusandae reprehenderit. Eos maiores et mollitia praesentium. Autem autem corporis a aut iure similique. Architecto nihil ea quas accusamus optio.', 966, 8, 18, 4, '2019-01-23 05:04:58', '2019-01-23 05:04:58'),
(15, 'sit', 'Labore doloribus sequi similique laboriosam vero adipisci ea. Iste esse itaque voluptas odit. Cumque facilis esse omnis magnam.', 881, 3, 28, 5, '2019-01-23 05:04:58', '2019-01-23 05:04:58'),
(16, 'eum', 'Sequi aliquid sunt magni maiores vel quisquam. Sapiente qui in autem quia ab ut. Ducimus non quos omnis nisi nisi earum est.', 236, 6, 17, 1, '2019-01-23 05:04:58', '2019-01-23 05:04:58'),
(17, 'rerum', 'Ut et aut iusto harum ut velit. Qui aut aspernatur perspiciatis nemo modi eos sint in. Laborum est enim sint incidunt assumenda voluptatem at. Dolorem rem a voluptas.', 240, 9, 12, 4, '2019-01-23 05:04:58', '2019-01-23 05:04:58'),
(18, 'et', 'Est omnis quas sed est exercitationem omnis. Ut vitae sit fugiat quae. Sed dolor aspernatur et neque. Nam expedita dolore aspernatur rerum.', 426, 5, 15, 1, '2019-01-23 05:04:58', '2019-01-23 05:04:58'),
(19, 'amet', 'Nam nobis sed dolores debitis.', 731, 0, 16, 5, '2019-01-23 05:04:58', '2019-01-23 05:32:02'),
(20, 'sint', 'Et excepturi temporibus qui sit. Molestiae itaque illum autem unde facilis. Molestias vel tempore minus maxime sunt necessitatibus. Porro id adipisci aut id nam molestiae.', 340, 7, 10, 2, '2019-01-23 05:04:58', '2019-01-23 05:04:58'),
(21, 'tempore', 'Enim minus voluptatem quo. Deleniti illo magnam minus fugit necessitatibus omnis. Quam consectetur dolore et. Quis rerum occaecati consequatur nostrum et autem laudantium labore.', 248, 9, 10, 3, '2019-01-23 05:04:58', '2019-01-23 05:04:58'),
(22, 'praesentium', 'Ducimus dolor ex unde quod illum reiciendis. At eius incidunt voluptatibus soluta voluptatem veniam minus. Eveniet animi accusantium voluptas voluptatem veniam.', 278, 9, 8, 2, '2019-01-23 05:04:58', '2019-01-23 05:04:58'),
(23, 'rerum', 'Expedita molestias dolorem alias veniam quia. Provident rem vel ullam impedit vel. Nihil eos occaecati neque.', 557, 1, 9, 4, '2019-01-23 05:04:58', '2019-01-23 05:04:58'),
(24, 'eum', 'Ullam excepturi at velit. Architecto itaque ipsum autem quasi pariatur et alias. Quasi occaecati ad vitae non. Facilis est molestiae vel et pariatur.', 502, 8, 2, 5, '2019-01-23 05:04:58', '2019-01-23 05:04:58'),
(25, 'voluptas', 'Voluptas placeat ipsam distinctio sapiente voluptates repellat accusamus. Possimus dicta nam sed occaecati in modi voluptas ut. Voluptatibus saepe eos exercitationem facere.', 349, 6, 14, 4, '2019-01-23 05:04:58', '2019-01-23 05:04:58'),
(26, 'quam', 'Labore officia nesciunt suscipit autem veniam in. Et amet et repudiandae ab voluptatem repellendus ut. Adipisci quo sunt culpa tempora dolor aut. A eum praesentium esse accusamus est.', 313, 2, 30, 2, '2019-01-23 05:04:58', '2019-01-23 05:04:58'),
(27, 'quas', 'Natus aliquid magni pariatur. Laboriosam cum culpa est corporis nemo aut. Assumenda tempora et voluptas soluta magni quasi id.', 662, 5, 14, 4, '2019-01-23 05:04:58', '2019-01-23 05:04:58'),
(28, 'officia', 'Debitis consequatur recusandae eos iusto. Harum amet modi ea deserunt consequatur eius. Sunt odit culpa alias. Laboriosam quis aut sit autem et.', 378, 5, 4, 2, '2019-01-23 05:04:58', '2019-01-23 05:04:58'),
(29, 'totam', 'Saepe natus deserunt incidunt quasi in minus. Velit in nesciunt distinctio voluptatem. Optio occaecati mollitia corporis dolor vel veniam eos. Corrupti aut aspernatur aut vero eligendi molestiae modi.', 468, 6, 9, 5, '2019-01-23 05:04:58', '2019-01-23 05:04:58'),
(30, 'beatae', 'Et sint impedit minima molestias et sequi ut ea. Et maiores culpa aut doloremque maiores voluptatem.', 886, 1, 8, 4, '2019-01-23 05:04:58', '2019-01-23 05:04:58'),
(31, 'quis', 'Possimus asperiores eos dolorem voluptate autem rerum quo facere. Ullam dolor ullam velit et. Sed consequatur necessitatibus suscipit consequatur sint id. Veritatis qui repudiandae et.', 825, 8, 30, 2, '2019-01-23 05:04:58', '2019-01-23 05:04:58'),
(32, 'ratione', 'Quibusdam voluptatem earum maxime. Mollitia ut excepturi eveniet porro nostrum laborum non eius. Provident quas aut hic eos quas. Reprehenderit provident placeat officiis sequi quo.', 667, 4, 24, 2, '2019-01-23 05:04:58', '2019-01-23 05:04:58'),
(33, 'laudantium', 'Reprehenderit et assumenda in similique animi. Quo expedita praesentium porro. Omnis consequuntur aut quia iure.', 321, 5, 16, 2, '2019-01-23 05:04:58', '2019-01-23 05:04:58'),
(34, 'occaecati', 'Pariatur ut dolores ad. Quia ut dolore voluptatem velit dolores.', 740, 5, 5, 5, '2019-01-23 05:04:58', '2019-01-23 05:04:58'),
(35, 'velit', 'Perferendis qui occaecati aut minima omnis molestias quia ut. Dolorem fugit odio deleniti molestiae ad nesciunt explicabo. Et voluptatibus dolores suscipit eum consequatur quia. Nesciunt rerum sunt vel dolore magnam dignissimos est voluptate.', 561, 4, 4, 1, '2019-01-23 05:04:58', '2019-01-23 05:04:58'),
(36, 'est', 'Nemo sint alias id laudantium. Facilis delectus nulla tempora. Repellat beatae esse dolor eveniet laborum voluptas. Similique cupiditate et consequatur voluptas modi qui.', 578, 4, 28, 4, '2019-01-23 05:04:58', '2019-01-23 05:04:58'),
(37, 'voluptas', 'Ut est et at. Illo quisquam a at nobis dolor neque. Fugit molestias tempore similique sint. Rem et et sit.', 404, 6, 2, 3, '2019-01-23 05:04:58', '2019-01-23 05:04:58'),
(38, 'consequuntur', 'Explicabo consectetur iusto nesciunt dignissimos ex quibusdam reiciendis. Placeat excepturi ipsum vitae deleniti. Aliquid labore voluptas tempora alias facilis et. Et occaecati porro eius distinctio error. Cumque cumque sit rem facilis nam neque.', 276, 1, 27, 1, '2019-01-23 05:04:58', '2019-01-23 05:04:58'),
(39, 'fugiat', 'Nobis nihil deleniti sint qui. Eos qui assumenda distinctio eum. Asperiores et beatae ab architecto excepturi mollitia nobis. Voluptatem ex temporibus minus aut qui.', 449, 5, 13, 4, '2019-01-23 05:04:58', '2019-01-23 05:04:58'),
(40, 'ullam', 'Beatae est id voluptas. Quia adipisci magni non et est. Architecto ut quod nisi occaecati commodi accusamus id inventore. Ullam ea repudiandae dicta qui ea.', 345, 2, 29, 4, '2019-01-23 05:04:58', '2019-01-23 05:04:58'),
(41, 'corrupti', 'Est aspernatur temporibus error asperiores. Et molestiae unde vel consequatur omnis error. Natus aut sunt omnis ex autem fuga ut fugit. Autem ea architecto tempora ratione explicabo veniam pariatur.', 704, 6, 23, 4, '2019-01-23 05:04:58', '2019-01-23 05:04:58'),
(42, 'aut', 'Molestias et quidem soluta blanditiis. Cumque iusto recusandae voluptatum molestias. Distinctio pariatur deserunt aut quibusdam eos illum.', 220, 8, 4, 4, '2019-01-23 05:04:58', '2019-01-23 05:04:58'),
(43, 'maxime', 'Et commodi et nulla necessitatibus mollitia quam. Laudantium iure voluptas nobis perspiciatis fuga velit quia placeat. Dolor suscipit occaecati nisi perspiciatis nobis. Esse in quisquam eaque optio sed est itaque sint.', 350, 4, 27, 4, '2019-01-23 05:04:58', '2019-01-23 05:04:58'),
(44, 'voluptas', 'Consequatur nihil minus iste id aliquid voluptate deleniti. Maxime at expedita eaque consequuntur rerum provident officiis qui. Vel qui expedita et illum. Ut quo consequatur nam ipsum.', 515, 6, 14, 5, '2019-01-23 05:04:58', '2019-01-23 05:04:58'),
(45, 'et', 'Similique velit ullam possimus dolor ea. Eos aut quam quis neque. Voluptatem pariatur nobis quod pariatur. Cum amet deserunt ex et.', 861, 2, 22, 3, '2019-01-23 05:04:58', '2019-01-23 05:04:58'),
(46, 'laboriosam', 'Magni officiis eius reprehenderit ipsam quia fuga. Quia aut et nemo molestiae eligendi. Perspiciatis nulla officiis recusandae.', 177, 6, 22, 4, '2019-01-23 05:04:58', '2019-01-23 05:04:58'),
(47, 'id', 'Repellat ut voluptatibus adipisci odit voluptatem illum dolores odit. Aliquam exercitationem cupiditate libero praesentium.', 318, 8, 11, 4, '2019-01-23 05:04:58', '2019-01-23 05:04:58'),
(48, 'aut', 'Consequatur voluptate aliquid sit repellendus laudantium explicabo doloribus. Reiciendis laboriosam animi ut quis culpa nihil. Sunt et quia voluptatem saepe perferendis excepturi fuga. Consequatur libero reiciendis quo non. Non dignissimos ut sequi.', 668, 6, 7, 4, '2019-01-23 05:04:58', '2019-01-23 05:04:58'),
(49, 'ex', 'Consequatur voluptatem in doloremque maxime est. Ratione rerum aut minus qui et laudantium ad. Blanditiis officiis vel aliquam voluptas. Et molestias veritatis iste exercitationem minus voluptatum.', 510, 3, 15, 1, '2019-01-23 05:04:58', '2019-01-23 05:04:58'),
(50, 'nisi', 'Reiciendis eos rerum iusto hic veritatis quia. Est consequuntur nemo ut adipisci reiciendis sit. Sed aspernatur et occaecati similique ab. Incidunt nemo aut ut ullam ex et ut qui.', 975, 3, 27, 3, '2019-01-23 05:04:58', '2019-01-23 05:04:58');

-- --------------------------------------------------------

--
-- Table structure for table `reviews`
--

CREATE TABLE `reviews` (
  `id` int(10) UNSIGNED NOT NULL,
  `product_id` int(10) UNSIGNED NOT NULL,
  `customer` varchar(191) COLLATE utf8mb4_unicode_ci NOT NULL,
  `review` text COLLATE utf8mb4_unicode_ci NOT NULL,
  `star` int(11) NOT NULL,
  `created_at` timestamp NULL DEFAULT NULL,
  `updated_at` timestamp NULL DEFAULT NULL
) ENGINE=InnoDB DEFAULT CHARSET=utf8mb4 COLLATE=utf8mb4_unicode_ci;

--
-- Dumping data for table `reviews`
--

INSERT INTO `reviews` (`id`, `product_id`, `customer`, `review`, `star`, `created_at`, `updated_at`) VALUES
(1, 15, 'Elroy Boyle V', 'Maiores recusandae rerum et qui maiores. Consequatur mollitia vel eum. Quod ab nulla non necessitatibus.', 1, '2019-01-23 05:04:59', '2019-01-23 05:04:59'),
(2, 39, 'Axel Barrows V', 'Reprehenderit omnis molestiae ipsum non cum odio corporis. Accusamus commodi laboriosam illum ut et. A vel eligendi et quis. Dolore saepe sequi id eaque inventore et aspernatur cum.', 3, '2019-01-23 05:04:59', '2019-01-23 05:04:59'),
(3, 15, 'Florencio Hansen', 'Placeat ut sint sed et quis eos. Eaque illum suscipit consequuntur perspiciatis. Eos delectus numquam explicabo in qui officiis molestiae.', 4, '2019-01-23 05:04:59', '2019-01-23 05:04:59'),
(4, 15, 'Ila Schumm', 'Et reiciendis et hic dolorem culpa enim. Ut debitis impedit enim illo. Rerum sunt asperiores numquam consectetur temporibus eveniet ipsa.', 2, '2019-01-23 05:04:59', '2019-01-23 05:04:59'),
(5, 36, 'Carrie Harber', 'Rem consequuntur autem voluptates est inventore enim nihil voluptas. Dolor similique est quis veritatis id deleniti architecto consequatur. Est ex recusandae id amet aspernatur a aliquam.', 1, '2019-01-23 05:04:59', '2019-01-23 05:04:59'),
(6, 28, 'Prof. Winona Little', 'Suscipit ipsa autem ipsam natus tempore aut tempore veritatis. Maiores qui explicabo dolores sit rerum officiis assumenda. Temporibus iure sit dolores non et sunt quo.', 5, '2019-01-23 05:04:59', '2019-01-23 05:04:59'),
(7, 7, 'Joelle Stamm', 'Et illo nobis nesciunt ut velit iste in. Sit quae doloribus vel dicta amet. Excepturi adipisci nulla ipsam rem eum autem. Iste assumenda deleniti nihil pariatur corrupti.', 5, '2019-01-23 05:04:59', '2019-01-23 05:04:59'),
(8, 13, 'Ottilie Murray', 'Laboriosam nobis voluptatibus iure sunt magnam consectetur. Animi nobis sed quisquam vel voluptate voluptas. Quo eum sed quia illo suscipit.', 3, '2019-01-23 05:04:59', '2019-01-23 05:04:59'),
(9, 11, 'Lorenz O\'Keefe', 'Totam sint deleniti ut odio dolorem. Et ullam necessitatibus qui cumque. Qui facilis dolor magnam cum et consequatur cupiditate. Ipsum et ut sunt pariatur ut eius aperiam dolores.', 4, '2019-01-23 05:04:59', '2019-01-23 05:04:59'),
(10, 29, 'Natalie Abernathy', 'Nesciunt atque et et minus odit. Voluptas labore quo quasi dolor et et similique. Consequuntur dolores vitae beatae omnis distinctio laborum. Nulla explicabo maiores in minus non amet vitae.', 5, '2019-01-23 05:04:59', '2019-01-23 05:04:59'),
(11, 33, 'Makayla Hahn', 'Quas quidem odio adipisci odio. Occaecati in minima et omnis ex quas neque. Provident reiciendis repellendus occaecati quis molestiae quia autem tempore. Ut nulla totam molestiae accusantium occaecati sapiente.', 2, '2019-01-23 05:04:59', '2019-01-23 05:04:59'),
(12, 40, 'Dortha Hodkiewicz', 'Nihil quia esse provident sit facilis veniam non. Voluptatem soluta reiciendis consectetur mollitia minima ipsam et unde. Rem ad qui cum. Porro dolorem iste omnis recusandae quis.', 2, '2019-01-23 05:04:59', '2019-01-23 05:04:59'),
(13, 41, 'Shaina Kuhn', 'Velit minus aut aspernatur eos officia voluptas ut. Eos consequatur perspiciatis possimus et et. Et nam voluptatum tempore expedita et ut voluptatibus.', 4, '2019-01-23 05:04:59', '2019-01-23 05:04:59'),
(14, 47, 'Miss Rosamond Mertz', 'Eligendi architecto sit quis aut et. Culpa accusamus provident labore atque et quia sit. Id earum doloribus repellat ut cum vitae et.', 1, '2019-01-23 05:04:59', '2019-01-23 05:04:59'),
(15, 31, 'Perry Ondricka V', 'Minus sit magni rerum corporis. Temporibus odit sunt voluptas omnis qui blanditiis. Dolore sunt amet cum exercitationem dolores. Quo suscipit molestiae ducimus magnam. Eaque ipsa praesentium atque ab quibusdam tempore eveniet.', 5, '2019-01-23 05:04:59', '2019-01-23 05:04:59'),
(16, 35, 'Estell West', 'Aliquam recusandae ut odit ut. Et architecto deleniti consequatur sit voluptatem. Voluptatibus magnam alias sunt quia omnis molestias nostrum. Quos voluptas suscipit esse labore debitis minus.', 5, '2019-01-23 05:04:59', '2019-01-23 05:04:59'),
(17, 19, 'Gordon Nitzsche', 'Delectus omnis soluta', 4, '2019-01-23 05:04:59', '2019-01-23 06:04:51'),
(18, 39, 'Lourdes Stanton V', 'Blanditiis sunt facilis harum est sequi eos deleniti. Ratione voluptatibus eum dolorem aut unde et quo qui. Eum eveniet dolorum repudiandae id molestiae.', 4, '2019-01-23 05:04:59', '2019-01-23 05:04:59'),
(19, 35, 'Thelma Kuhn', 'Consequatur voluptatem quia ut corrupti odio dolorem. A facere eos voluptatem saepe est. In qui sunt est eius in eius. Totam quisquam quia est velit.', 5, '2019-01-23 05:04:59', '2019-01-23 05:04:59'),
(20, 6, 'Sylvan Goodwin', 'Velit veniam inventore voluptates quisquam magnam sit. Totam perferendis eum veritatis.', 3, '2019-01-23 05:04:59', '2019-01-23 05:04:59'),
(21, 12, 'Juston Koepp', 'Dolor veniam quisquam dolores omnis velit qui assumenda. Qui exercitationem nulla consequatur expedita illo recusandae dignissimos. Illo dolorem exercitationem nulla quos ea. Sit odio non labore eum asperiores occaecati eligendi consequatur.', 0, '2019-01-23 05:04:59', '2019-01-23 05:04:59'),
(22, 45, 'Dr. Dillan Roberts', 'Minus eligendi quibusdam sed sit laborum distinctio ut. Debitis quia vero fugit qui. Sunt tempore nam tenetur voluptas. Accusamus consequatur beatae velit et expedita id et.', 2, '2019-01-23 05:04:59', '2019-01-23 05:04:59'),
(23, 4, 'Glenna Fahey', 'Dolores nam commodi suscipit error. Eaque atque magnam quidem id est magnam aut. Occaecati quod magnam omnis culpa ipsum enim qui. Provident tempore odio error consequuntur praesentium eaque doloremque.', 3, '2019-01-23 05:04:59', '2019-01-23 05:04:59'),
(24, 7, 'Greyson Nolan', 'Consequatur voluptatem laudantium at. Animi quos quia officia quod minus dolor. Fugit sit error voluptate vel deleniti natus. Ut earum temporibus consequuntur animi maxime dolore.', 4, '2019-01-23 05:04:59', '2019-01-23 05:04:59'),
(25, 25, 'Prof. Eliezer Walsh', 'Porro consequatur pariatur cumque laudantium in quia iusto modi. Eum ullam illum amet temporibus. Laboriosam quae dolore similique.', 1, '2019-01-23 05:04:59', '2019-01-23 05:04:59'),
(26, 2, 'Isai McGlynn', 'At cum sunt saepe alias. Sunt sit neque quisquam nihil. Quibusdam laborum laborum ipsa maiores maxime consequuntur.', 3, '2019-01-23 05:04:59', '2019-01-23 05:04:59'),
(27, 48, 'Fred Gutkowski', 'Corporis veritatis provident sed velit beatae quod. Sed debitis non expedita eveniet maxime quia ex. Et at impedit et qui molestiae illo eveniet. Maiores est eos atque sequi sit.', 4, '2019-01-23 05:04:59', '2019-01-23 05:04:59'),
(28, 32, 'Dr. Rebeka Volkman V', 'Et necessitatibus qui doloremque esse nulla. Officia quod omnis eaque.', 3, '2019-01-23 05:04:59', '2019-01-23 05:04:59'),
(29, 13, 'Prof. Deondre DuBuque', 'Repellat quam quia est non. Voluptas repudiandae eos voluptatem laudantium dolor qui dolores consectetur. Enim consequuntur repellendus deserunt nisi aut ut. Ipsam quasi molestias harum aspernatur consequatur.', 3, '2019-01-23 05:04:59', '2019-01-23 05:04:59'),
(30, 12, 'Erin Aufderhar IV', 'Porro quis animi ad fugit error enim repellat. Maiores non vel molestias ut tempore amet neque. Error beatae eius ut recusandae. Id blanditiis enim tempora incidunt error. Quidem maiores omnis qui veniam aut asperiores.', 3, '2019-01-23 05:04:59', '2019-01-23 05:04:59'),
(31, 45, 'Tatyana Pfannerstill', 'Animi eligendi veniam delectus qui. Amet cumque pariatur nesciunt dolorum. Aut fugiat corrupti non a suscipit nisi quae.', 2, '2019-01-23 05:04:59', '2019-01-23 05:04:59'),
(32, 4, 'Katharina Doyle IV', 'Esse repudiandae repellat commodi occaecati. Qui qui totam aspernatur. Ut quae saepe esse consectetur dolorum nesciunt.', 4, '2019-01-23 05:04:59', '2019-01-23 05:04:59'),
(33, 41, 'Nathen Tremblay II', 'Occaecati quia et a et. Molestiae nam amet itaque modi quo atque ut et. Doloribus laudantium eos neque reiciendis.', 4, '2019-01-23 05:04:59', '2019-01-23 05:04:59'),
(34, 50, 'Dr. Nicolas Schiller I', 'Aut non voluptate aperiam eos nisi fugit. Vitae sequi nobis deserunt quia assumenda. Aspernatur et minus laboriosam. Qui quis perspiciatis officiis placeat.', 0, '2019-01-23 05:04:59', '2019-01-23 05:04:59'),
(35, 42, 'Katherine Willms', 'Porro est eaque magnam alias. Eveniet dolores et deleniti dicta sint occaecati reiciendis non. Eligendi consectetur sapiente cum ex quis.', 2, '2019-01-23 05:04:59', '2019-01-23 05:04:59'),
(36, 44, 'Alison Kunde', 'Itaque vel facere saepe. Odio aut quidem est commodi voluptas aut voluptatem nihil. Dolore ut eius quis cumque accusamus quia. Amet ipsum aut unde et quaerat non adipisci est.', 4, '2019-01-23 05:04:59', '2019-01-23 05:04:59'),
(37, 28, 'Donato Schmeler', 'Sed voluptatem harum omnis non dolor et sed. Dolor quis aut nam libero quia autem ut. Esse dicta magni eveniet rerum ipsum molestias.', 0, '2019-01-23 05:04:59', '2019-01-23 05:04:59'),
(38, 18, 'Ms. Veronica Paucek', 'Repudiandae reiciendis est accusantium ipsam adipisci placeat officia. Velit corrupti cum molestias laudantium. Distinctio odit similique similique sit quo unde delectus.', 2, '2019-01-23 05:04:59', '2019-01-23 05:04:59'),
(39, 15, 'Mr. Merritt Ankunding DVM', 'Pariatur aut fugit sint nulla id et totam. Aliquam esse ea officiis ut ut laborum ullam. Molestias aut qui laborum vel autem placeat culpa. Vero quis sunt voluptatibus distinctio totam dolores rem.', 4, '2019-01-23 05:04:59', '2019-01-23 05:04:59'),
(40, 24, 'Mrs. Sierra Roberts', 'Repellat ab atque dolorem omnis minus et. Temporibus incidunt voluptatem aut animi et illum molestias. Molestiae beatae quod laboriosam corporis quibusdam sed qui.', 2, '2019-01-23 05:04:59', '2019-01-23 05:04:59'),
(41, 10, 'Isabella Schiller I', 'Qui est voluptas voluptatem quod. Quam nobis omnis sed repellendus sit quia. Iste et sit repellat quia vel repellendus. In voluptatibus cum consequuntur alias officiis aut id.', 0, '2019-01-23 05:04:59', '2019-01-23 05:04:59'),
(42, 32, 'Jeffry Wolff', 'Voluptate eos est dolores rerum fugit officiis. Labore accusantium in et error dolores explicabo ratione. Deleniti nihil modi repellat provident esse temporibus.', 1, '2019-01-23 05:04:59', '2019-01-23 05:04:59'),
(43, 15, 'Elvie Beatty III', 'Distinctio molestias expedita odit. Rerum quo labore quaerat quia. Dolor mollitia rerum possimus.', 2, '2019-01-23 05:04:59', '2019-01-23 05:04:59'),
(44, 8, 'Ms. Delfina Crona I', 'Voluptate ratione quasi aliquam dolores iure sit beatae. Sit sed ut quia asperiores distinctio suscipit. Error maxime suscipit recusandae optio fuga perspiciatis omnis. Et modi aut veritatis modi id sequi.', 3, '2019-01-23 05:04:59', '2019-01-23 05:04:59'),
(45, 11, 'Miss Brenda Pfeffer', 'Molestias quasi qui illo. Ipsa repudiandae fugiat quae. Assumenda odio et et eum deserunt. Suscipit voluptatibus et assumenda voluptatum.', 0, '2019-01-23 05:04:59', '2019-01-23 05:04:59'),
(46, 42, 'Teresa Strosin', 'Iusto est expedita repudiandae voluptatem. Alias enim perferendis adipisci rerum esse repellat ut. Sequi temporibus modi nihil est veniam.', 5, '2019-01-23 05:04:59', '2019-01-23 05:04:59'),
(47, 49, 'Mrs. Kavon Von V', 'Qui vero totam voluptatem quo itaque quae dolore. Voluptate itaque vel provident soluta enim repellat rerum. Suscipit quos et nihil et reiciendis consequuntur.', 5, '2019-01-23 05:04:59', '2019-01-23 05:04:59'),
(48, 18, 'Mrs. Brandyn Schumm III', 'Aut omnis quia fugit voluptas illum aut. Voluptatem rerum vero at voluptas maxime ullam. Commodi dolor tempora fuga saepe sed qui non est. Qui inventore soluta non velit aut ut magnam.', 2, '2019-01-23 05:04:59', '2019-01-23 05:04:59'),
(50, 28, 'Mr. Johnson Ondricka MD', 'Ipsam aut voluptate non asperiores iure perferendis molestiae doloremque. Fugiat autem vitae non sed ut. Non sunt et omnis est et. Et et corporis adipisci consequatur aliquam.', 5, '2019-01-23 05:04:59', '2019-01-23 05:04:59'),
(51, 38, 'Tina Rowe', 'Rerum et voluptatibus est labore iste qui tenetur. Laudantium nostrum sunt et vitae. Necessitatibus sit quibusdam architecto pariatur soluta. Quia repudiandae non nihil recusandae quis.', 2, '2019-01-23 05:04:59', '2019-01-23 05:04:59'),
(52, 46, 'Karson Howe', 'Earum perferendis unde illum error nam. Impedit pariatur ut quis non. Sed dolore iste est omnis accusamus fugiat.', 4, '2019-01-23 05:04:59', '2019-01-23 05:04:59'),
(53, 15, 'Lauren Ferry', 'Voluptas et vel consequuntur alias temporibus sit. Omnis dolore nostrum vel quisquam voluptas. Ratione non enim labore in et nemo quia. Quis nesciunt doloremque amet ea in dicta aut.', 1, '2019-01-23 05:04:59', '2019-01-23 05:04:59'),
(54, 34, 'Jacquelyn Will', 'Amet harum voluptas at ipsum id rerum labore. Et voluptatem voluptas voluptatem quis quod in blanditiis quibusdam. Et eius itaque tenetur. Vel ex hic voluptatum voluptatem.', 1, '2019-01-23 05:04:59', '2019-01-23 05:04:59'),
(55, 3, 'Mr. Felipe Fadel DVM', 'Nesciunt error ut molestiae magnam ea. Quia tempora vero iste ut qui earum assumenda aut.', 5, '2019-01-23 05:04:59', '2019-01-23 05:04:59'),
(56, 3, 'Fiona Hessel', 'Ut ratione et voluptas reiciendis. Enim aperiam vel ullam esse. Omnis nam sit provident odit. Voluptatibus blanditiis nostrum quia veritatis saepe placeat aliquid. Praesentium quas nihil aliquam qui.', 1, '2019-01-23 05:04:59', '2019-01-23 05:04:59'),
(57, 1, 'Miss Vita Balistreri DDS', 'Doloremque expedita est consequatur eaque. Veritatis eos ut et quia laudantium quasi. Temporibus vel itaque doloribus ratione dolor soluta velit. Molestiae sint labore voluptates iure blanditiis consequatur.', 0, '2019-01-23 05:04:59', '2019-01-23 05:04:59'),
(58, 9, 'Mr. Loy Bauch Jr.', 'Et quam aliquam sequi. Reprehenderit ut perspiciatis quia voluptatem. Aperiam excepturi est optio sit amet alias est. Ducimus ut magni quidem error.', 5, '2019-01-23 05:04:59', '2019-01-23 05:04:59'),
(59, 7, 'Kaylin Carter DDS', 'A voluptas asperiores nihil eum est et. Eos qui et rerum possimus quia.', 1, '2019-01-23 05:04:59', '2019-01-23 05:04:59'),
(60, 5, 'Joel Jerde Jr.', 'Eum itaque possimus reprehenderit modi ut. Voluptatem eos qui officia molestiae vero sit consequatur. Nesciunt ipsum sapiente unde porro. Vel suscipit repellendus iure corrupti debitis laudantium.', 1, '2019-01-23 05:04:59', '2019-01-23 05:04:59'),
(61, 24, 'Afton Hermann MD', 'Saepe omnis et in illum praesentium. Consequatur quia quaerat eius enim et aspernatur. Tenetur reiciendis perferendis vel deleniti et ut.', 0, '2019-01-23 05:04:59', '2019-01-23 05:04:59'),
(62, 34, 'Jeramie Buckridge', 'Rem et velit ea itaque voluptatem aut. Officia sapiente voluptatem culpa labore consequatur. In sit quae praesentium ut.', 3, '2019-01-23 05:04:59', '2019-01-23 05:04:59'),
(63, 3, 'Camila Satterfield DDS', 'Architecto commodi maiores numquam mollitia. Culpa sed pariatur omnis nostrum occaecati. Mollitia unde odio ut cum recusandae voluptas non non.', 4, '2019-01-23 05:04:59', '2019-01-23 05:04:59'),
(64, 21, 'Berenice Dibbert', 'Omnis maiores doloremque tempora cupiditate iure. Eos voluptatibus ullam alias nostrum suscipit ratione. Praesentium fugiat aut quos enim facere et ut. Est cum aut ipsa ipsa ut sapiente. Nobis harum repellendus cumque nemo veritatis.', 4, '2019-01-23 05:04:59', '2019-01-23 05:04:59'),
(65, 20, 'Boris Greenfelder', 'Nulla vitae minima voluptatem praesentium. Minima reiciendis repudiandae nihil non eaque. Illo praesentium quod aut sequi.', 0, '2019-01-23 05:04:59', '2019-01-23 05:04:59'),
(66, 34, 'Julianne Cruickshank', 'Ad laborum magni nemo eligendi eos placeat. Consequatur velit error omnis enim. Exercitationem pariatur quos error nisi. Nulla modi eius voluptatem aut mollitia reiciendis perferendis.', 3, '2019-01-23 05:04:59', '2019-01-23 05:04:59'),
(67, 35, 'Saige Murazik', 'Quis adipisci commodi eos officia optio nemo asperiores. Quo culpa similique nesciunt. Sequi ducimus eaque laudantium sed. Non rerum ut vero hic aut aut quaerat.', 3, '2019-01-23 05:04:59', '2019-01-23 05:04:59'),
(68, 34, 'Braeden Baumbach', 'Cum culpa labore consequatur ut. Porro dolor quisquam molestiae repellat veniam voluptates illo. A sequi voluptas ut dolor.', 1, '2019-01-23 05:04:59', '2019-01-23 05:04:59'),
(69, 26, 'Vickie Corwin', 'Autem tenetur dolor at voluptatem. Ab voluptates facere voluptas cum officia repellendus necessitatibus sint. Beatae suscipit est sapiente quos sequi. Aliquid ea at nihil qui dolor.', 3, '2019-01-23 05:04:59', '2019-01-23 05:04:59'),
(70, 12, 'Rebecca Roob Sr.', 'Qui delectus eligendi libero aut accusantium illum eaque. Hic possimus minus dicta laborum ut numquam. Neque est et laudantium assumenda eaque.', 4, '2019-01-23 05:04:59', '2019-01-23 05:04:59'),
(71, 40, 'Emilie Bechtelar', 'Voluptas sint ut eos occaecati. Et ut et quo.', 0, '2019-01-23 05:04:59', '2019-01-23 05:04:59'),
(72, 35, 'Carolyn Luettgen', 'Reiciendis minus non consequatur. Voluptatum laudantium qui soluta enim.', 4, '2019-01-23 05:04:59', '2019-01-23 05:04:59'),
(73, 41, 'Dimitri Schuppe', 'Quo eos voluptas iusto dolore sunt. Nostrum porro temporibus distinctio sint eum est similique. Impedit et sit magni et fuga neque. Iure ipsum illo eligendi sunt soluta.', 2, '2019-01-23 05:04:59', '2019-01-23 05:04:59'),
(74, 48, 'Ms. Lacy Kulas', 'Harum consectetur officia quibusdam voluptatem. Perferendis repellat aut ut nobis et. Corporis natus tempora veritatis sed praesentium id.', 3, '2019-01-23 05:04:59', '2019-01-23 05:04:59'),
(75, 48, 'Elmore VonRueden', 'Qui ea molestias esse unde aut fugiat. Saepe praesentium atque quo. Veritatis aut qui dignissimos vero quisquam voluptatum.', 3, '2019-01-23 05:04:59', '2019-01-23 05:04:59'),
(76, 32, 'Julien Friesen', 'Enim veniam recusandae quas repellendus voluptatem itaque molestiae. Molestiae architecto in eos assumenda. Non rerum et qui et quaerat.', 5, '2019-01-23 05:04:59', '2019-01-23 05:04:59'),
(77, 34, 'Prof. Xavier Bailey', 'Porro est debitis incidunt quisquam et quia sed. Enim eos officiis tempora sequi. Provident quis repellat saepe ducimus necessitatibus velit eos. Dolor vel sit dolorum rerum consequuntur.', 0, '2019-01-23 05:04:59', '2019-01-23 05:04:59'),
(78, 1, 'Dr. Kira Zulauf I', 'Dolorem odio quis vitae consequatur tenetur deserunt quia. Soluta nulla aperiam enim magni vel.', 1, '2019-01-23 05:04:59', '2019-01-23 05:04:59'),
(79, 47, 'Milford Rau', 'Consequuntur qui non velit. Ut illum vel officia deleniti optio velit. Distinctio rerum est impedit non minus qui. Dignissimos dolores quia nobis fuga sequi.', 0, '2019-01-23 05:04:59', '2019-01-23 05:04:59'),
(80, 26, 'Mrs. Demetris Kreiger', 'Est natus ipsa voluptatibus libero a. Eius animi assumenda expedita. Ullam impedit sit soluta voluptatum.', 1, '2019-01-23 05:04:59', '2019-01-23 05:04:59'),
(81, 32, 'Alexandria Swaniawski', 'Natus enim error eos itaque ipsum quae molestiae. Necessitatibus deserunt illum aut nihil dolores excepturi. Reprehenderit blanditiis error atque molestiae et officia. Repudiandae incidunt aliquam voluptatem voluptatem qui.', 3, '2019-01-23 05:04:59', '2019-01-23 05:04:59'),
(82, 3, 'Kara Olson', 'Quas similique recusandae magnam. Omnis assumenda exercitationem minus ut sed. Neque nulla consectetur culpa odit consequatur nihil. Modi et in nihil.', 2, '2019-01-23 05:04:59', '2019-01-23 05:04:59'),
(83, 24, 'Matilda Kulas V', 'Quis quis alias omnis delectus. Nihil eum et sint doloremque dolor. Sunt ut quia est similique minus sint.', 1, '2019-01-23 05:04:59', '2019-01-23 05:04:59'),
(84, 36, 'Fausto Hansen', 'Eaque eveniet voluptatem et consequatur. Aut tempora iure consequatur quisquam cupiditate ullam sint. Esse tempora facilis error. Nostrum voluptatem et sint laborum pariatur et soluta consequatur.', 1, '2019-01-23 05:04:59', '2019-01-23 05:04:59'),
(85, 44, 'Dr. Kevin Hartmann', 'Porro autem fugiat voluptatem repellendus ut dolores. Voluptatem ratione quo consequuntur. Consequatur esse delectus sit voluptatem consequatur aliquid. Molestiae omnis rem possimus dolorem eaque.', 0, '2019-01-23 05:04:59', '2019-01-23 05:04:59'),
(86, 12, 'Maryam Corwin', 'Vero libero voluptatem magni molestias. Aut quidem velit aut harum. Adipisci quisquam voluptas atque reiciendis doloribus corrupti.', 2, '2019-01-23 05:04:59', '2019-01-23 05:04:59'),
(87, 33, 'Mr. Trever Rosenbaum', 'Et delectus et omnis est. Illo est nobis iusto assumenda quaerat beatae. Et enim doloremque quo voluptate ut delectus odit. Id aliquid accusamus culpa sed.', 3, '2019-01-23 05:04:59', '2019-01-23 05:04:59'),
(88, 28, 'Prof. Domenico Reilly', 'Magnam ex quia molestiae a esse. Eveniet et nihil sed voluptatem amet rem. Nihil porro sapiente ex. Natus magnam magni ab.', 2, '2019-01-23 05:04:59', '2019-01-23 05:04:59'),
(89, 24, 'Arianna Jast', 'Sint nihil voluptatum dolorem alias facere. Aspernatur libero nihil et sunt dolores dicta. Fuga dicta possimus sint asperiores.', 0, '2019-01-23 05:04:59', '2019-01-23 05:04:59'),
(90, 29, 'Trycia Collier', 'Nisi qui id veritatis dolorem. Sit est aut consectetur qui cum. Omnis qui voluptatum expedita ut quibusdam tenetur.', 3, '2019-01-23 05:04:59', '2019-01-23 05:04:59'),
(91, 29, 'Lenny Stoltenberg III', 'Nulla nesciunt neque est ut voluptas. Consequuntur sed sint sapiente sint. Magni odit voluptatem excepturi.', 3, '2019-01-23 05:04:59', '2019-01-23 05:04:59'),
(92, 33, 'Mr. Anderson Parker MD', 'Aliquam suscipit velit est omnis. Nesciunt non explicabo vel id dolore doloribus.', 3, '2019-01-23 05:04:59', '2019-01-23 05:04:59'),
(93, 14, 'Rhett Corwin', 'Illum temporibus maiores facere. Sed iure quam est eligendi odit quibusdam facilis sequi. Est a et debitis. Sunt dolor reiciendis mollitia tenetur a commodi perferendis.', 4, '2019-01-23 05:04:59', '2019-01-23 05:04:59'),
(94, 24, 'Dr. Violette Howe', 'Omnis quasi distinctio unde earum doloremque et harum. Necessitatibus id omnis qui expedita quisquam est. Consectetur laudantium culpa enim officiis. Sit recusandae autem voluptatem iste aut in et.', 1, '2019-01-23 05:04:59', '2019-01-23 05:04:59'),
(95, 15, 'Mortimer Brekke', 'Tempora sint deserunt assumenda et laboriosam expedita. Hic enim qui animi. Blanditiis excepturi quam reprehenderit labore. Aut est molestiae facere alias facilis.', 1, '2019-01-23 05:04:59', '2019-01-23 05:04:59'),
(96, 36, 'Dr. Shania Fadel', 'Corporis ut perspiciatis enim dolores. Sit earum aliquid aspernatur facere minima. Architecto qui ut maxime voluptas nisi quidem praesentium.', 0, '2019-01-23 05:04:59', '2019-01-23 05:04:59'),
(97, 45, 'Mr. Dameon Mraz', 'Voluptate praesentium et vel sed. Ut voluptatem saepe laboriosam porro quia.', 0, '2019-01-23 05:04:59', '2019-01-23 05:04:59'),
(98, 19, 'Dr. Brielle Larson', 'Tenetur deleniti maiores aut placeat. Possimus facilis eaque vel quia quae quod. Quidem aut voluptas aut assumenda. Debitis adipisci ipsa quos occaecati enim voluptate ipsa. Molestiae rem at eligendi aut ab.', 0, '2019-01-23 05:04:59', '2019-01-23 05:04:59'),
(99, 35, 'Lloyd Parker III', 'Non enim odit aut voluptatum praesentium in. Nostrum suscipit ut et rem commodi ullam. Et et ab neque.', 0, '2019-01-23 05:04:59', '2019-01-23 05:04:59'),
(100, 32, 'Mr. Ford Mills Jr.', 'Iusto non necessitatibus nulla. Temporibus dignissimos deleniti officiis quae neque. Beatae aut esse doloremque molestiae blanditiis laborum. Molestias fuga aut eos neque provident ut. Dolor facilis quibusdam praesentium.', 1, '2019-01-23 05:04:59', '2019-01-23 05:04:59'),
(101, 17, 'Vicky Russel', 'Nemo sint in saepe consequuntur ex. Culpa quia sapiente autem sed. Accusantium facilis assumenda culpa aut consequatur aut. Molestiae quia quisquam omnis ullam consectetur aut.', 5, '2019-01-23 05:04:59', '2019-01-23 05:04:59'),
(102, 23, 'Miss Juliana Watsica MD', 'Ut blanditiis corrupti quam quisquam voluptas. Iure quis est ex exercitationem et veritatis. Omnis reiciendis soluta quam eligendi. Adipisci iste et minus.', 1, '2019-01-23 05:04:59', '2019-01-23 05:04:59'),
(103, 44, 'Scot Klein', 'At autem quia nulla unde deserunt voluptas. Ullam unde modi rerum cupiditate. Facere cumque sed odio dolorem qui velit amet doloremque.', 4, '2019-01-23 05:04:59', '2019-01-23 05:04:59'),
(104, 9, 'Dr. Mortimer Macejkovic V', 'Eum minima dicta eaque asperiores voluptas. Omnis nam eos enim corporis dignissimos reiciendis. Soluta libero dignissimos qui.', 4, '2019-01-23 05:04:59', '2019-01-23 05:04:59'),
(105, 39, 'Kendra Wisoky', 'Quidem debitis nam sunt labore. Omnis amet ut molestias et.', 0, '2019-01-23 05:04:59', '2019-01-23 05:04:59'),
(106, 21, 'Virginie Homenick', 'Blanditiis nobis ducimus eum cupiditate minima nobis tempore. Velit incidunt autem deserunt iste ea vero assumenda. Dolor voluptatibus quo asperiores labore doloribus voluptatum.', 3, '2019-01-23 05:04:59', '2019-01-23 05:04:59'),
(107, 16, 'Julie Block', 'Fuga tenetur quo animi fugiat enim. Adipisci ab quasi tempore sint dicta autem a et. Est molestias tenetur accusantium molestiae. Qui provident facilis facere beatae est aspernatur.', 1, '2019-01-23 05:04:59', '2019-01-23 05:04:59'),
(108, 8, 'Dr. Marina Schoen', 'Aspernatur doloremque voluptatem necessitatibus aliquam. Animi eum repudiandae asperiores sed velit amet. Molestiae itaque dolor id dolore eum. Est voluptatem cupiditate aut autem quod aut et odio.', 5, '2019-01-23 05:04:59', '2019-01-23 05:04:59'),
(109, 42, 'Prof. Clifford Wunsch Jr.', 'Ut eaque et et veritatis. Et asperiores ea natus accusamus enim. Ut non mollitia qui laudantium. Quidem sint iure provident labore facere architecto cupiditate.', 2, '2019-01-23 05:04:59', '2019-01-23 05:04:59'),
(110, 2, 'Minnie Bradtke', 'Ipsa commodi voluptatem provident delectus inventore officiis. Deserunt quisquam officia a ut quas et.', 2, '2019-01-23 05:04:59', '2019-01-23 05:04:59'),
(111, 17, 'Dr. Oswaldo Grady', 'Fugiat explicabo nulla rem atque. Ab omnis consequuntur provident aliquid quia. Facilis ducimus autem deserunt est. Et voluptas explicabo et minima nostrum hic qui.', 2, '2019-01-23 05:04:59', '2019-01-23 05:04:59'),
(112, 16, 'Ashly O\'Kon IV', 'Voluptatem quo autem nam ea quis similique. Temporibus incidunt possimus commodi non optio. Aliquid sed rerum consequuntur unde.', 2, '2019-01-23 05:04:59', '2019-01-23 05:04:59'),
(113, 39, 'Dominique Bashirian', 'Doloremque excepturi voluptatem et nisi fuga corrupti illo cumque. Sint sed laudantium fuga ut. Qui ex dolorem aliquam. Pariatur sunt odio voluptatem explicabo.', 2, '2019-01-23 05:04:59', '2019-01-23 05:04:59'),
(114, 32, 'Miss Norene Keeling', 'Aut ut voluptatibus est cupiditate ratione nisi rem vitae. Non qui labore ratione. Et corrupti alias qui et rerum rerum. Voluptates sunt mollitia doloribus.', 4, '2019-01-23 05:04:59', '2019-01-23 05:04:59'),
(115, 25, 'Dustin Mohr II', 'Perspiciatis sit aperiam incidunt voluptate. Vel qui repellat soluta nobis repudiandae dolorum odit. Eum quia molestias nobis delectus totam veniam. Atque atque aut facilis quo culpa. Ipsum ut error tempore aut quis occaecati unde.', 1, '2019-01-23 05:04:59', '2019-01-23 05:04:59'),
(116, 6, 'Felicity Stanton DDS', 'Velit alias pariatur voluptas voluptas. Et facere in voluptatibus eius. Id odit molestiae sed ullam.', 2, '2019-01-23 05:04:59', '2019-01-23 05:04:59'),
(117, 15, 'Orlo Bauch', 'Rem ipsam similique non. Consectetur maxime enim dolor iure ducimus veniam. Debitis quasi ut consequatur tempora ut modi amet. Illo pariatur itaque quae et non cupiditate.', 0, '2019-01-23 05:04:59', '2019-01-23 05:04:59'),
(118, 13, 'Celine Kulas MD', 'Explicabo numquam et eum vero. Esse quam ducimus ipsum natus ipsa voluptas laudantium. Aspernatur accusamus id tempora quis ut eveniet voluptatem. Possimus qui voluptatem dignissimos nulla.', 4, '2019-01-23 05:04:59', '2019-01-23 05:04:59'),
(119, 12, 'Francisco Stehr DDS', 'Dolores tempora eos veniam magnam ratione vel. Quia hic necessitatibus animi est cumque ipsa.', 2, '2019-01-23 05:04:59', '2019-01-23 05:04:59'),
(120, 7, 'Aubrey Jacobson', 'Vitae neque sapiente aliquid nesciunt. Voluptate nihil dolor sit veniam aut. Voluptate eos pariatur minus qui quae.', 2, '2019-01-23 05:04:59', '2019-01-23 05:04:59'),
(121, 29, 'Guadalupe Treutel', 'Voluptatem vero sit qui. Nisi quasi occaecati quae voluptatum assumenda et. Quam sit qui quisquam saepe vero velit nulla. Dolorum quos eligendi sunt deleniti repellendus occaecati.', 3, '2019-01-23 05:04:59', '2019-01-23 05:04:59'),
(122, 42, 'Prof. Aidan O\'Reilly I', 'Voluptas omnis doloribus animi. Recusandae sit asperiores molestiae ut molestiae voluptatem et. Voluptatibus incidunt fuga dolores.', 3, '2019-01-23 05:04:59', '2019-01-23 05:04:59'),
(123, 32, 'Devonte Stamm', 'Aut temporibus odio fugit rerum eius. Ut qui ipsam enim hic optio. Rerum similique qui dicta expedita commodi.', 3, '2019-01-23 05:04:59', '2019-01-23 05:04:59'),
(124, 33, 'Yolanda Daniel', 'Maiores sunt deleniti non qui minima. Et sed fuga non nostrum animi omnis.', 2, '2019-01-23 05:04:59', '2019-01-23 05:04:59'),
(125, 24, 'Judah Kautzer', 'Porro iusto laudantium fugit asperiores. Expedita officiis nisi dolore aspernatur iusto adipisci qui. Alias totam voluptatem ipsum. Doloremque odio ipsum expedita quis officia soluta.', 1, '2019-01-23 05:04:59', '2019-01-23 05:04:59'),
(126, 18, 'Nyasia Stanton', 'Voluptas fugiat hic consequuntur culpa. Maiores aperiam hic beatae exercitationem molestias. Provident reprehenderit quos nihil modi.', 2, '2019-01-23 05:04:59', '2019-01-23 05:04:59'),
(127, 1, 'Tre Terry', 'Facilis dolores iste ea ipsa qui esse. Autem natus excepturi non dolor nisi. Eveniet sunt odio rerum iusto qui consectetur. Minus perspiciatis quasi est voluptatum esse consequatur unde.', 5, '2019-01-23 05:04:59', '2019-01-23 05:04:59'),
(128, 34, 'Mr. Garret Kshlerin', 'Aliquam officiis sapiente eos voluptatem. Ut consequuntur ducimus enim. Reiciendis laboriosam numquam reiciendis.', 5, '2019-01-23 05:04:59', '2019-01-23 05:04:59'),
(129, 11, 'Hobart Heidenreich', 'Et earum voluptate et fugit sit. Culpa quia quisquam perspiciatis beatae numquam.', 1, '2019-01-23 05:04:59', '2019-01-23 05:04:59'),
(130, 13, 'Gwendolyn Pacocha', 'Rerum amet et id. Voluptatem doloribus numquam consequatur culpa voluptatem eveniet eos enim. Quod aspernatur non qui ut ipsa.', 3, '2019-01-23 05:04:59', '2019-01-23 05:04:59'),
(131, 47, 'Dr. Isabel Oberbrunner PhD', 'Quam quia et et corrupti doloribus et. Aut eum aut praesentium eum. Eos ipsum qui laboriosam voluptatem illo delectus doloremque.', 2, '2019-01-23 05:04:59', '2019-01-23 05:04:59'),
(132, 15, 'Jessica Raynor DDS', 'Aliquid cum eos repellat pariatur quia deleniti et expedita. Voluptas non dolore enim magni reprehenderit odio. Voluptate qui consequatur itaque non velit repellat. Quis dolore atque suscipit non ab enim mollitia at.', 3, '2019-01-23 05:04:59', '2019-01-23 05:04:59'),
(133, 48, 'Prof. Aracely Price', 'Vero ad veniam consectetur et officiis animi. Omnis praesentium pariatur tempore beatae ducimus aut nihil eum.', 3, '2019-01-23 05:04:59', '2019-01-23 05:04:59'),
(134, 5, 'Mr. Paris Parker', 'Dolores qui porro labore non veniam pariatur maiores. Odio libero sed soluta quaerat officia accusantium animi. Aliquid quaerat iure consequatur earum. In harum perferendis ducimus omnis voluptatem doloremque.', 3, '2019-01-23 05:04:59', '2019-01-23 05:04:59'),
(135, 15, 'Moses Nitzsche', 'Ea est ut quae laboriosam qui. Qui neque perferendis nesciunt molestiae nesciunt rerum rerum aut. Sit fugiat repellat consequuntur distinctio facere quis debitis. Eligendi dicta est rerum sit velit ea.', 4, '2019-01-23 05:04:59', '2019-01-23 05:04:59'),
(136, 23, 'Mr. Hans Hackett', 'Nihil quae consequatur iste ipsum. Modi consequatur veritatis et accusamus. Minima debitis laborum et vero optio unde. A omnis sit necessitatibus doloremque a.', 4, '2019-01-23 05:04:59', '2019-01-23 05:04:59'),
(137, 30, 'Emerson Jacobs', 'Vel deleniti quidem dolorem sint cum nulla. Fuga magnam quia molestiae laudantium praesentium incidunt et. Est quidem sed error ut eum.', 0, '2019-01-23 05:04:59', '2019-01-23 05:04:59'),
(138, 10, 'Donavon Block III', 'Qui voluptatum ipsam provident est ea quisquam totam. Incidunt quis mollitia voluptates laboriosam sit cum. Nobis aperiam ut ea assumenda dolores. Dolor optio voluptatem recusandae qui quasi atque.', 2, '2019-01-23 05:04:59', '2019-01-23 05:04:59'),
(139, 46, 'Oswaldo Cormier', 'Est repellat quod voluptatem ut accusantium. Dolores consectetur dolor quidem nostrum minima. Natus accusantium voluptates est. Dolorum quia enim repellendus alias.', 1, '2019-01-23 05:04:59', '2019-01-23 05:04:59'),
(140, 10, 'Rhoda Breitenberg III', 'Enim consequatur recusandae voluptatibus vel vitae debitis ipsa. Rerum quaerat minima voluptas. Repellendus ex porro tempora fuga commodi quia.', 5, '2019-01-23 05:04:59', '2019-01-23 05:04:59'),
(141, 9, 'Alverta Marquardt', 'Optio reiciendis fuga placeat beatae enim tenetur. Accusamus dolores non incidunt et perferendis.', 2, '2019-01-23 05:04:59', '2019-01-23 05:04:59'),
(142, 11, 'Janessa Quigley IV', 'Architecto qui dolorem deserunt ullam dolore distinctio est. Tempore rem earum ullam et porro et. Eos repellat sit aperiam quas temporibus minima. Quae quis dolores odit itaque omnis numquam incidunt voluptates.', 0, '2019-01-23 05:04:59', '2019-01-23 05:04:59'),
(143, 19, 'Jamison Abbott', 'Quisquam nulla recusandae quia placeat optio esse illum. Voluptatum autem laudantium ullam culpa consequatur quo. Voluptatum odit placeat illo ut fugiat. Sit fugiat voluptatem labore commodi modi explicabo. Magni alias ut voluptatem alias quibusdam iure accusantium.', 2, '2019-01-23 05:04:59', '2019-01-23 05:04:59'),
(144, 38, 'Nettie Bosco', 'Consectetur suscipit natus sapiente dolore maxime facere. Ducimus et at beatae amet sed qui rerum. Enim quia est iusto dolorum sapiente. Consequatur aut vel eligendi odio consequuntur numquam sunt.', 0, '2019-01-23 05:04:59', '2019-01-23 05:04:59'),
(145, 18, 'Mikayla Adams', 'Dolorum rerum fugit animi excepturi aut sed provident est. Tempore quam illo autem sed. Ut rerum quis consequatur expedita sit ut fugiat sed.', 4, '2019-01-23 05:04:59', '2019-01-23 05:04:59'),
(146, 12, 'Dimitri Rempel', 'Corrupti consectetur numquam eveniet. Molestiae debitis totam vitae minus voluptatem eligendi. Aut consectetur qui vel nesciunt voluptatem. Consequatur aut beatae eveniet error ipsum voluptates. Nihil ut nam voluptates molestiae nemo.', 4, '2019-01-23 05:04:59', '2019-01-23 05:04:59'),
(147, 41, 'Dr. Rolando Breitenberg II', 'Dolorem sed dolorem ut placeat. Nisi voluptatem debitis rerum laudantium natus excepturi. Id voluptatibus minus dicta consequatur iusto quia nostrum. Accusamus odio esse officiis fugiat dolores. Modi aliquam exercitationem officiis dolorem.', 2, '2019-01-23 05:04:59', '2019-01-23 05:04:59'),
(148, 39, 'Kaylah Hodkiewicz', 'Non tempora ad porro voluptatem nostrum maiores quo. Sit in aut explicabo maxime. Sunt non aliquid optio in quo deleniti voluptatum. In qui in voluptas dolorum recusandae aperiam vero nisi.', 3, '2019-01-23 05:04:59', '2019-01-23 05:04:59'),
(149, 19, 'Nathen Mraz', 'Voluptatem tempora eveniet explicabo repellat ut assumenda ratione. Tempora fugit ipsa fuga recusandae sapiente laboriosam.', 3, '2019-01-23 05:04:59', '2019-01-23 05:04:59'),
(150, 27, 'Claudia Cassin', 'Quae voluptates ut odio vel sunt sunt. Ut nobis et enim harum voluptas mollitia est. Dolorum voluptas at cumque nobis unde quis. Doloremque voluptatem rerum aperiam doloremque ut.', 4, '2019-01-23 05:04:59', '2019-01-23 05:04:59'),
(151, 12, 'Miss Matilda Quigley I', 'Et eveniet enim aspernatur neque tempora consectetur. Dolorum iusto iusto et asperiores quia fuga dicta. Officia tenetur sequi dolorum doloremque.', 3, '2019-01-23 05:04:59', '2019-01-23 05:04:59'),
(152, 9, 'Elda Hudson', 'Et et tempore sed explicabo ut in. Officia autem explicabo tempore eaque tenetur et. Rerum sunt velit autem et laudantium. Sint sed rerum ut at aut quo.', 5, '2019-01-23 05:04:59', '2019-01-23 05:04:59'),
(153, 30, 'Nat Jerde', 'Temporibus aut minima delectus fugiat et sapiente. Est enim animi voluptatum quia. Saepe cupiditate laboriosam molestiae. Ut qui et et qui delectus. Neque modi optio aspernatur rerum qui aut.', 5, '2019-01-23 05:04:59', '2019-01-23 05:04:59'),
(154, 35, 'Mr. Helmer Schaden', 'Aliquam fugit molestiae veritatis est fugiat repellendus. Temporibus et perferendis perferendis. Esse praesentium et occaecati. Aliquid sint quas deleniti eius perspiciatis mollitia qui.', 5, '2019-01-23 05:04:59', '2019-01-23 05:04:59'),
(155, 36, 'Hortense Schmeler', 'Distinctio expedita amet voluptatibus atque veritatis laborum. Ut eaque quaerat assumenda quaerat.', 1, '2019-01-23 05:04:59', '2019-01-23 05:04:59'),
(156, 15, 'Antonette Willms', 'Beatae et odit eos pariatur aperiam blanditiis nobis. Qui voluptatem a atque quia nam eos ut. Tempore officia velit assumenda et. Dolorum doloribus dignissimos atque tempora nihil quos itaque est.', 2, '2019-01-23 05:04:59', '2019-01-23 05:04:59'),
(157, 36, 'Clifton Luettgen', 'Eveniet exercitationem autem molestiae quod ut sit. Dolor illo dolorem fugiat ut. Placeat consequatur alias eum minima sed aliquid modi. Omnis non asperiores animi sit impedit tenetur.', 5, '2019-01-23 05:04:59', '2019-01-23 05:04:59'),
(158, 1, 'Dr. Sonya Pfeffer', 'Error velit quaerat quaerat tempora aut. Ut consequatur quas reprehenderit occaecati architecto ipsam ratione impedit. Sunt incidunt fuga unde. Fugit officiis in non et.', 0, '2019-01-23 05:04:59', '2019-01-23 05:04:59'),
(159, 23, 'Thad Emard', 'Eligendi molestiae nesciunt nihil assumenda enim qui. Neque provident esse tempore ea.', 2, '2019-01-23 05:04:59', '2019-01-23 05:04:59'),
(160, 45, 'Prof. Dane Howe Jr.', 'Nulla sint est quia porro. Eveniet unde maxime illo necessitatibus. Voluptatem sed impedit officia provident nesciunt. Repellendus quo blanditiis deleniti. Quia odio non sed ut.', 2, '2019-01-23 05:04:59', '2019-01-23 05:04:59'),
(161, 31, 'Kendra Hoeger V', 'Eos autem qui et aut beatae. In asperiores adipisci nemo asperiores natus sit. Debitis magnam porro sed nemo aperiam. Commodi ut autem nisi debitis delectus necessitatibus. Est ab eos minima sed assumenda qui atque.', 0, '2019-01-23 05:04:59', '2019-01-23 05:04:59'),
(162, 19, 'Reyes Bradtke', 'Aliquid corporis accusantium eum ipsa quam voluptatem. Eum odio officiis ullam quis. Commodi iste ea aut laboriosam laborum modi. Est harum dolorem porro.', 0, '2019-01-23 05:04:59', '2019-01-23 05:04:59'),
(163, 16, 'Sadie Schiller', 'Ut neque doloribus veritatis cumque aut ad. Magni laudantium optio perspiciatis sed dolorem. Labore quia necessitatibus voluptates non est minima vel.', 5, '2019-01-23 05:04:59', '2019-01-23 05:04:59'),
(164, 18, 'Dr. Tessie Fay IV', 'Occaecati eius nulla vero ea. Pariatur sit aut voluptate id alias. Rerum corrupti et mollitia nulla sit.', 0, '2019-01-23 05:04:59', '2019-01-23 05:04:59'),
(165, 14, 'Prof. Hayley Hessel II', 'Nihil nobis perferendis tempora ea velit animi. Quidem quaerat cum dignissimos ea non minus. Maiores excepturi et nisi nulla eligendi omnis.', 5, '2019-01-23 05:04:59', '2019-01-23 05:04:59'),
(166, 5, 'Aubree Schmidt', 'Aut enim et laborum doloribus cumque perspiciatis. Ut esse maxime non. Placeat autem molestiae minus eligendi et ut a natus.', 3, '2019-01-23 05:04:59', '2019-01-23 05:04:59'),
(167, 4, 'Miss Maxie Kuhn DVM', 'Enim eum deleniti porro libero adipisci exercitationem. Tempora exercitationem ut perferendis aut eos. Molestias rerum totam velit dolorum et aut alias.', 3, '2019-01-23 05:04:59', '2019-01-23 05:04:59'),
(168, 47, 'Vada Bailey', 'Sunt qui incidunt veritatis omnis ratione nihil et. Eum nihil autem eveniet enim repellendus. Est culpa odio eius et at neque. Placeat nesciunt quas dolor iure quia nulla.', 1, '2019-01-23 05:04:59', '2019-01-23 05:04:59'),
(169, 46, 'Giuseppe Zieme III', 'Deleniti et necessitatibus nobis iusto. Labore modi in fugit veritatis minus. Neque sapiente voluptatem soluta aliquid accusantium eum. Exercitationem fugit ad dolorem omnis consectetur dicta.', 0, '2019-01-23 05:04:59', '2019-01-23 05:04:59'),
(170, 4, 'Larissa Schmeler DVM', 'Earum vitae est et quae id. Omnis esse dolore iusto earum deleniti ea in. Qui iste dolorem et assumenda.', 1, '2019-01-23 05:04:59', '2019-01-23 05:04:59'),
(171, 29, 'Dr. Susan Koepp', 'Et delectus facilis sed et ullam mollitia. Non aut quibusdam aliquid sit amet. Velit aut quaerat et ipsum et dolor. Optio officiis sed sapiente autem sed nam doloremque. Sit aliquam ut pariatur sunt.', 1, '2019-01-23 05:04:59', '2019-01-23 05:04:59'),
(172, 17, 'Dr. Lazaro Watsica', 'Voluptatem rerum sit porro explicabo qui libero dignissimos non. Sint deserunt accusamus qui. Tempore non et vel voluptates doloremque consequatur. Esse quis officia consequatur asperiores.', 4, '2019-01-23 05:04:59', '2019-01-23 05:04:59'),
(173, 45, 'Charles Fay', 'Tempora fugiat quo pariatur tempora ea non. Corrupti quo nisi voluptatum facilis. Vel omnis molestiae esse sit aut. In fuga magni possimus eaque animi aperiam cumque.', 0, '2019-01-23 05:04:59', '2019-01-23 05:04:59'),
(174, 24, 'Lucio Toy III', 'Ab perspiciatis aperiam corrupti vitae amet odio et. Omnis sapiente quasi est est. Quia beatae sequi pariatur inventore quisquam iusto quia.', 1, '2019-01-23 05:04:59', '2019-01-23 05:04:59'),
(175, 15, 'Ms. Emmy Zboncak', 'Consequatur ut aut voluptas id non. Nihil et id quo iure laboriosam ut. Qui assumenda corrupti et tempora dolor.', 2, '2019-01-23 05:04:59', '2019-01-23 05:04:59'),
(176, 7, 'Prof. Jaren Ruecker DVM', 'Est sit error hic quisquam iste. Aut porro maxime labore non occaecati doloremque. Nemo et sunt amet occaecati voluptatem.', 2, '2019-01-23 05:04:59', '2019-01-23 05:04:59'),
(177, 6, 'Everett D\'Amore', 'Atque ea officiis est deleniti adipisci consequuntur. Rerum ipsam nihil impedit ut aperiam nihil. Ut maxime nesciunt et dolores aperiam.', 5, '2019-01-23 05:04:59', '2019-01-23 05:04:59'),
(178, 41, 'Quentin Weissnat', 'Adipisci itaque est dolorem aut. Libero ad facilis et delectus sint. Molestiae eos quas aliquid excepturi modi molestiae.', 0, '2019-01-23 05:04:59', '2019-01-23 05:04:59'),
(179, 36, 'Nicklaus O\'Conner PhD', 'Quas laudantium odit facere accusamus aut odio qui. Adipisci quia cupiditate natus optio nihil repellat veniam. Dicta neque eum nam voluptate asperiores enim. Quo rerum voluptatum eum in.', 1, '2019-01-23 05:04:59', '2019-01-23 05:04:59'),
(180, 6, 'Fredy Doyle Sr.', 'Sit consequatur sequi earum facere fugit vero dolores porro. Iusto et magni recusandae in sint. Ab corporis dicta non architecto quis. Velit voluptas ut sit. Dolor excepturi consequuntur soluta deserunt mollitia quos.', 0, '2019-01-23 05:04:59', '2019-01-23 05:04:59'),
(181, 10, 'Antonina Gibson DVM', 'Reiciendis dignissimos odit et aut voluptas vero officia. Culpa ea voluptas quia quis. Beatae necessitatibus qui a harum laborum quas nihil. Voluptates sed quam praesentium et dolor.', 1, '2019-01-23 05:04:59', '2019-01-23 05:04:59'),
(182, 7, 'Alec Hackett', 'Qui assumenda dolor voluptatem at nemo. In rerum reiciendis modi quibusdam expedita distinctio dolores et. Dolor rerum enim labore pariatur eligendi nihil. Quis iste cumque autem quae tenetur totam deleniti assumenda.', 0, '2019-01-23 05:04:59', '2019-01-23 05:04:59'),
(183, 14, 'Dr. Brooks Ondricka Jr.', 'Voluptatem voluptatem sunt quam aliquam fugiat. Consequuntur voluptates quia quisquam corrupti eos corrupti cupiditate.', 1, '2019-01-23 05:04:59', '2019-01-23 05:04:59'),
(184, 25, 'Josiah Russel', 'Quis commodi voluptas et maiores. Vero voluptatem iste molestias sint culpa vel.', 3, '2019-01-23 05:04:59', '2019-01-23 05:04:59'),
(185, 47, 'Lisandro Kirlin', 'Amet aut assumenda fugiat voluptatum repellendus explicabo mollitia voluptas. A accusantium neque ex fugit pariatur illum aperiam. Minima asperiores aut sed itaque quaerat consequatur voluptas ipsam. Aut voluptatem qui dicta eveniet laborum omnis cumque voluptatem.', 5, '2019-01-23 05:04:59', '2019-01-23 05:04:59'),
(186, 13, 'Bulah Cruickshank', 'Inventore officia reiciendis eum culpa similique a. Voluptate consequuntur sed blanditiis laudantium autem velit. Voluptatem perspiciatis id est soluta nemo corrupti.', 2, '2019-01-23 05:04:59', '2019-01-23 05:04:59'),
(187, 47, 'Angie Haley', 'Ad et dolorem dolor animi exercitationem eum ipsum voluptatem. Culpa ut qui vel culpa. Quo nam possimus sequi perferendis ipsam.', 4, '2019-01-23 05:04:59', '2019-01-23 05:04:59'),
(188, 2, 'Chanelle Weissnat', 'Beatae natus cum facilis molestiae sint in. Qui ab deserunt perferendis in corrupti quis. Officiis voluptate officiis repudiandae.', 3, '2019-01-23 05:04:59', '2019-01-23 05:04:59'),
(189, 34, 'Elinor Kub', 'Dolorem qui non omnis est dolor hic. Eaque est molestiae sunt aut totam repellat velit quod. Esse nesciunt praesentium nisi dicta sed. Vitae perspiciatis rerum occaecati.', 4, '2019-01-23 05:04:59', '2019-01-23 05:04:59'),
(190, 20, 'Jacquelyn Bernhard', 'Qui nostrum molestias a expedita earum. Non dicta quia est dolores veritatis aspernatur porro soluta. Facilis optio alias officia qui dignissimos quo.', 3, '2019-01-23 05:04:59', '2019-01-23 05:04:59'),
(191, 26, 'Aisha Ullrich', 'Qui nostrum voluptatem veniam sit corporis rem quo. Vitae illo nobis dolores ut saepe ipsum nulla. Et quia quidem eum molestiae natus. Ducimus perspiciatis inventore nulla rem. Amet aut magni sapiente dolores.', 4, '2019-01-23 05:04:59', '2019-01-23 05:04:59'),
(192, 31, 'Rickey Olson', 'Totam sed nemo in eius. Laudantium quidem vero voluptatem culpa architecto non. Sint ipsam sed cupiditate sapiente omnis consectetur aut. Nulla totam sit sed harum.', 2, '2019-01-23 05:04:59', '2019-01-23 05:04:59'),
(193, 38, 'Katlyn Muller', 'Quas necessitatibus nihil quos deleniti. Quo voluptates enim expedita enim consequatur quis. Molestiae molestias iure maiores exercitationem itaque ipsam labore esse.', 1, '2019-01-23 05:04:59', '2019-01-23 05:04:59'),
(194, 1, 'Myah Boehm Sr.', 'Tenetur fuga non earum dignissimos autem. Quis omnis autem voluptatem tempora aut. Similique culpa ut ut dolor deserunt rerum.', 1, '2019-01-23 05:04:59', '2019-01-23 05:04:59'),
(195, 26, 'Hobart Spencer', 'Nisi velit id sequi tempore voluptatem et molestiae. Fugiat ab sequi aut aut. Fugit voluptas quam tenetur temporibus exercitationem quibusdam corporis. Et eos provident quis doloremque.', 3, '2019-01-23 05:04:59', '2019-01-23 05:04:59'),
(196, 24, 'Mrs. Nikki Nolan', 'Error veniam optio hic et cumque eaque voluptatem. Ab possimus dignissimos et rerum exercitationem necessitatibus. Voluptatem consequatur laborum omnis necessitatibus. A saepe ducimus ut cum. Non hic cum veniam doloremque.', 4, '2019-01-23 05:04:59', '2019-01-23 05:04:59'),
(197, 31, 'Dr. April Koss I', 'Adipisci velit consequuntur veritatis dolore facilis et. A sequi aspernatur quasi dolorem quibusdam quidem culpa. Qui eius sapiente corrupti laboriosam numquam dolore nostrum. Quod sapiente est dolore sint in. Iste delectus consequatur perspiciatis et.', 2, '2019-01-23 05:04:59', '2019-01-23 05:04:59'),
(198, 27, 'Lavinia Purdy', 'Aliquid autem tempora voluptatem voluptatibus. Id et a qui nulla qui doloribus. Tempora autem ducimus id error neque quia. Placeat ullam consequuntur sit ea consequatur.', 5, '2019-01-23 05:04:59', '2019-01-23 05:04:59'),
(199, 43, 'Merlin O\'Connell', 'Repellendus consequuntur vitae pariatur culpa. In ex ducimus distinctio minima aperiam odit. Alias consequatur ut vel iste sint consequatur.', 1, '2019-01-23 05:04:59', '2019-01-23 05:04:59'),
(200, 27, 'Mr. Riley Kautzer MD', 'Ad excepturi asperiores voluptates eum. Ut quas repellat quo. Rerum incidunt minima aut facilis et ipsam ad.', 3, '2019-01-23 05:04:59', '2019-01-23 05:04:59'),
(201, 12, 'Dr. Verner Tromp Jr.', 'Incidunt veniam assumenda velit voluptas. Eveniet est adipisci aut est quaerat reprehenderit voluptate. Aspernatur consequatur labore consectetur porro rerum.', 0, '2019-01-23 05:04:59', '2019-01-23 05:04:59'),
(202, 40, 'Enid Dickens', 'Doloribus corporis consequuntur facere minus id non. Quis porro nihil at libero. Voluptates repudiandae itaque sed corporis laborum. Voluptatum eos eaque aperiam ut sit aut sed.', 5, '2019-01-23 05:04:59', '2019-01-23 05:04:59'),
(203, 15, 'Russ Fahey', 'Ab sed beatae optio ex voluptate. Cumque qui sapiente molestiae aliquid sint earum voluptas maxime. Minus voluptate quo esse similique.', 0, '2019-01-23 05:04:59', '2019-01-23 05:04:59'),
(204, 27, 'Miss Nicole Mohr', 'Facilis veniam voluptates accusantium laborum expedita qui a. Eius nulla quo autem adipisci labore molestiae. Et deserunt quisquam dicta.', 5, '2019-01-23 05:04:59', '2019-01-23 05:04:59'),
(205, 20, 'Hillard Glover', 'Illum non consequatur cumque ut placeat dolorem. Ratione minima non similique alias eum neque. Quia id consequatur ipsa non aut. Labore vero doloribus non.', 2, '2019-01-23 05:04:59', '2019-01-23 05:04:59'),
(206, 50, 'Destiny Howell', 'Suscipit ex voluptate veritatis placeat temporibus saepe. Id illo autem veniam vel quas dolorem modi. Praesentium quaerat aperiam similique sint provident temporibus. Maxime itaque amet blanditiis eum nam sed et et. Numquam aspernatur ut dignissimos tenetur consequatur.', 0, '2019-01-23 05:04:59', '2019-01-23 05:04:59'),
(207, 50, 'Prof. Hilario Kertzmann I', 'Inventore quae beatae mollitia est quam ipsa. Est qui est et possimus doloremque. Nulla quo quos repellat dicta aspernatur molestiae. Ut eos dignissimos ratione laboriosam harum.', 0, '2019-01-23 05:04:59', '2019-01-23 05:04:59'),
(208, 42, 'Kadin Homenick', 'Error atque voluptatem voluptas similique ab. Et eos eum alias velit blanditiis. Eum debitis tenetur rem non non a cum.', 2, '2019-01-23 05:04:59', '2019-01-23 05:04:59'),
(209, 33, 'Mr. Jedediah Zulauf', 'Quo consequuntur ut laudantium ut voluptatem. Aliquam dignissimos sed eos nemo in dolor cumque. Neque iusto blanditiis facere natus qui est labore.', 5, '2019-01-23 05:04:59', '2019-01-23 05:04:59'),
(210, 30, 'Antonette Goodwin', 'Nam earum perspiciatis et quas occaecati fugiat sint. Ea sapiente eligendi qui autem voluptas quae eum. Aliquid odit velit est et ut.', 5, '2019-01-23 05:04:59', '2019-01-23 05:04:59'),
(211, 21, 'Lizeth Purdy', 'Laudantium ut ut laborum dolorem. Quod qui dolorem inventore fugit quia esse ex quia. Ullam vel inventore voluptas est repellat aut officia exercitationem. Quam ex dignissimos ut qui hic. Aut ut nihil expedita.', 4, '2019-01-23 05:04:59', '2019-01-23 05:04:59');
INSERT INTO `reviews` (`id`, `product_id`, `customer`, `review`, `star`, `created_at`, `updated_at`) VALUES
(212, 4, 'Oscar Carroll I', 'Non neque itaque non doloremque. Necessitatibus molestias inventore porro autem. Perspiciatis quis velit nobis. Magnam id sint sed culpa. Voluptatem autem voluptas aut tempore sint.', 0, '2019-01-23 05:04:59', '2019-01-23 05:04:59'),
(213, 46, 'Carolyn Wintheiser II', 'Voluptatum voluptatem tempora delectus minus tenetur recusandae qui. Architecto suscipit nesciunt placeat nihil. In a ex qui est. Eum aliquam quis consequatur voluptatem pariatur libero.', 3, '2019-01-23 05:04:59', '2019-01-23 05:04:59'),
(214, 14, 'Daniella McClure', 'Qui reiciendis vel omnis sed aspernatur. Beatae fuga aliquid nihil quia. Quod sapiente et et maxime.', 3, '2019-01-23 05:04:59', '2019-01-23 05:04:59'),
(215, 7, 'Prof. Jaden Lehner DDS', 'Tempore quidem nesciunt iste id qui dolor. Optio dicta voluptatum tempore itaque et. Soluta eos neque minus et voluptatem rerum.', 4, '2019-01-23 05:04:59', '2019-01-23 05:04:59'),
(216, 31, 'Prof. Rogers Abernathy PhD', 'Cumque sed est et quod dolor odit. Placeat mollitia eveniet ratione perferendis ut et. Dignissimos pariatur amet explicabo.', 4, '2019-01-23 05:04:59', '2019-01-23 05:04:59'),
(217, 4, 'Brianne Gutkowski PhD', 'A minus maxime neque omnis modi. Sint unde esse voluptas possimus. Beatae mollitia excepturi nemo ut.', 4, '2019-01-23 05:04:59', '2019-01-23 05:04:59'),
(218, 40, 'Prof. Antonietta Kutch II', 'Porro quae rem possimus aut necessitatibus eaque molestiae. Aspernatur facere eum voluptatem pariatur aut. Porro placeat saepe velit aut repellendus nam.', 0, '2019-01-23 05:04:59', '2019-01-23 05:04:59'),
(219, 17, 'Dr. Vincenzo DuBuque MD', 'Facilis cupiditate ut sed in ea minus repellat. Sit mollitia earum vitae consequatur voluptas officiis magni. Non voluptas placeat natus doloremque dignissimos vel quas.', 4, '2019-01-23 05:04:59', '2019-01-23 05:04:59'),
(220, 27, 'Jerome Gleichner', 'Maxime laudantium eum porro. Cum ut dignissimos et voluptatem dignissimos distinctio.', 5, '2019-01-23 05:04:59', '2019-01-23 05:04:59'),
(221, 15, 'Chloe Johnston', 'Eos sit est nisi qui qui. Rerum sit asperiores voluptatum et. Aut dolorem provident quisquam ab. Doloremque rem est sint commodi.', 5, '2019-01-23 05:04:59', '2019-01-23 05:04:59'),
(222, 12, 'Prof. Lera Braun Jr.', 'Inventore aperiam ipsam sit assumenda. Et a ipsa perspiciatis natus non nobis. Vitae ratione non reprehenderit minus rerum veritatis.', 3, '2019-01-23 05:04:59', '2019-01-23 05:04:59'),
(223, 7, 'Ms. Roberta Sanford', 'Nam iure et et esse dolor. Inventore asperiores laborum nesciunt incidunt animi repudiandae quibusdam. Voluptatibus est nihil et voluptatem consequatur maxime. Ab ut adipisci quia eligendi nihil.', 0, '2019-01-23 05:04:59', '2019-01-23 05:04:59'),
(224, 6, 'Jacklyn Barrows', 'Nam similique esse corrupti sint. Molestiae ex ducimus consequuntur qui quae ut recusandae. Et molestiae error quia eos officia voluptate unde.', 4, '2019-01-23 05:04:59', '2019-01-23 05:04:59'),
(225, 8, 'Sonya Weimann', 'Dicta eos perspiciatis ullam sed. Dicta doloremque vel assumenda ex qui earum. Nemo quia omnis soluta asperiores id natus. Error numquam sint vitae ea quisquam sequi exercitationem.', 4, '2019-01-23 05:04:59', '2019-01-23 05:04:59'),
(226, 48, 'Miss Marjory Heaney III', 'Quasi similique occaecati a inventore. Et adipisci error rerum necessitatibus. Voluptas nesciunt est sed iusto sit. In quaerat ullam voluptas adipisci.', 4, '2019-01-23 05:04:59', '2019-01-23 05:04:59'),
(227, 18, 'Kathlyn Rosenbaum', 'Qui a provident nam et nesciunt dicta beatae. Fugit ut et omnis ratione doloremque. Dolore minima recusandae molestiae unde autem ex.', 2, '2019-01-23 05:04:59', '2019-01-23 05:04:59'),
(228, 49, 'Mr. Joesph Luettgen', 'Deleniti iure in suscipit minima id est. Saepe sunt animi voluptate.', 3, '2019-01-23 05:05:00', '2019-01-23 05:05:00'),
(229, 20, 'Miss Kathryn Runolfsson I', 'Nihil sequi ipsum voluptatem. Velit velit omnis quia libero aut. Sapiente a vitae ut veritatis quis ducimus hic ad. Nisi soluta officiis qui aliquam.', 1, '2019-01-23 05:05:00', '2019-01-23 05:05:00'),
(230, 2, 'Karina Stokes', 'Quibusdam necessitatibus assumenda deserunt consequatur eum ducimus ex. Quo dolor beatae modi neque incidunt ipsam. Voluptatem sequi culpa nostrum repudiandae consequatur quae quibusdam.', 1, '2019-01-23 05:05:00', '2019-01-23 05:05:00'),
(231, 15, 'Bruce Hackett', 'Ut quis doloribus sit qui culpa. Ut voluptatem dolores quia ut corrupti aspernatur. Sed iure eligendi itaque earum a nemo.', 2, '2019-01-23 05:05:00', '2019-01-23 05:05:00'),
(232, 30, 'Andreanne Lueilwitz', 'Et itaque autem dolor ea nam commodi. Nemo exercitationem est nesciunt vero sit. Fuga aut accusantium perferendis et voluptas labore. Id exercitationem numquam assumenda.', 4, '2019-01-23 05:05:00', '2019-01-23 05:05:00'),
(233, 42, 'Florine Hill MD', 'Distinctio cum odio quas totam ullam odit. Placeat est magnam et voluptatem minima animi. Dolorem ab impedit rerum accusantium ipsam quia. Animi non placeat velit et.', 2, '2019-01-23 05:05:00', '2019-01-23 05:05:00'),
(234, 12, 'Blaise Shanahan', 'Eum non in repellat expedita quasi sequi ad. Delectus ipsam eveniet sed culpa. Sed eius et quis quidem incidunt necessitatibus facere. Vel et ea est quibusdam voluptatum nesciunt dolorem.', 3, '2019-01-23 05:05:00', '2019-01-23 05:05:00'),
(235, 50, 'Seamus Wiza DDS', 'Sint optio aut qui hic dolorum. Blanditiis quisquam quae aut velit vitae.', 5, '2019-01-23 05:05:00', '2019-01-23 05:05:00'),
(236, 45, 'Adele Dooley', 'Dolorem ipsam fugiat facilis harum consectetur ducimus. Nihil est minus earum sequi eos nisi blanditiis. Eum dolor maxime sit culpa numquam. Sit qui asperiores sed corporis commodi quo deleniti.', 5, '2019-01-23 05:05:00', '2019-01-23 05:05:00'),
(237, 30, 'Dr. Clara Gleason', 'Repellat debitis eaque aut perspiciatis. Adipisci corrupti est ad consequatur ut eum autem. Molestiae debitis nesciunt nam.', 1, '2019-01-23 05:05:00', '2019-01-23 05:05:00'),
(238, 43, 'Kenna Gerhold', 'Officiis optio aliquid temporibus officiis repellat. Sed quisquam ipsa et laboriosam. Ipsam et aliquid rerum tenetur eligendi.', 1, '2019-01-23 05:05:00', '2019-01-23 05:05:00'),
(239, 9, 'Newton Mosciski', 'Nisi qui dolorem ut velit perspiciatis et. Aut ut consequuntur amet velit repudiandae et dolor ullam. Quis voluptates et recusandae omnis rem necessitatibus.', 5, '2019-01-23 05:05:00', '2019-01-23 05:05:00'),
(240, 12, 'Tanya Leffler', 'Ullam voluptas necessitatibus commodi voluptatem. Nemo earum vero exercitationem aspernatur iste doloribus aut deleniti. Quos odit aut saepe aperiam beatae. Molestias tempore non repudiandae provident.', 4, '2019-01-23 05:05:00', '2019-01-23 05:05:00'),
(241, 29, 'Mr. Scottie Jacobson DDS', 'Reiciendis distinctio consectetur iste quo quam quaerat rerum. Cumque aut ut inventore. Vel vero natus facere sint. Nemo voluptate vitae et amet.', 4, '2019-01-23 05:05:00', '2019-01-23 05:05:00'),
(242, 40, 'Deonte Glover DVM', 'Optio sed ratione saepe voluptatem. Maxime corrupti itaque maxime aperiam aut voluptatum. Voluptatem adipisci dolores minus illo repellendus quos incidunt.', 3, '2019-01-23 05:05:00', '2019-01-23 05:05:00'),
(243, 24, 'Alena Zemlak', 'Ipsa repellendus eaque soluta quasi aut. Perspiciatis nesciunt eveniet qui distinctio.', 4, '2019-01-23 05:05:00', '2019-01-23 05:05:00'),
(244, 8, 'Elton Dickinson MD', 'Voluptatum id qui nemo quis. Iste provident sed facilis. Libero dolores fuga illum rerum harum.', 5, '2019-01-23 05:05:00', '2019-01-23 05:05:00'),
(245, 44, 'Elizabeth Kunde', 'Pariatur illum ut dolor doloribus rerum aut exercitationem. A maxime rerum minima ut aut quo atque explicabo. Temporibus nulla quasi et aut dolore. Voluptatem deleniti et voluptatibus praesentium quia quis aliquid dolores.', 2, '2019-01-23 05:05:00', '2019-01-23 05:05:00'),
(246, 26, 'Derrick Wehner', 'Esse nihil quos exercitationem eligendi porro. Iste amet mollitia id incidunt et. Veritatis harum veritatis velit dicta.', 2, '2019-01-23 05:05:00', '2019-01-23 05:05:00'),
(247, 21, 'Treva Kerluke', 'Nisi quisquam quod voluptatem rerum eum saepe. Saepe sequi quia labore quo eum nisi voluptatum. Quos rem dignissimos facilis.', 2, '2019-01-23 05:05:00', '2019-01-23 05:05:00'),
(248, 39, 'Mrs. Yazmin McLaughlin IV', 'Velit nostrum sunt corporis impedit rerum sit. Dolores quis aut inventore debitis distinctio ad. Consequatur et praesentium quas ut magni quo culpa.', 3, '2019-01-23 05:05:00', '2019-01-23 05:05:00'),
(249, 50, 'Prof. Berenice Weber', 'Ut nulla impedit aut qui omnis eveniet. In omnis temporibus explicabo dolorum qui ad fuga fugit. Libero error omnis unde praesentium ducimus dolores facere officia.', 0, '2019-01-23 05:05:00', '2019-01-23 05:05:00'),
(250, 39, 'Dr. Mohammed Goyette', 'Molestiae quis fuga aspernatur adipisci est enim. Eaque molestiae maiores labore vel. Qui similique sed qui. In hic voluptatum aliquam qui eos.', 0, '2019-01-23 05:05:00', '2019-01-23 05:05:00'),
(251, 26, 'Mrs. Reba Conroy', 'Nam ut eos exercitationem ducimus aliquid dignissimos. Corrupti ullam repellendus soluta ut corrupti. Quibusdam ipsam odit excepturi ut culpa ut nihil. Quia est enim enim nobis voluptates quas culpa est.', 4, '2019-01-23 05:05:00', '2019-01-23 05:05:00'),
(252, 23, 'Antwon Hegmann', 'Molestias dicta hic ducimus excepturi. Minus quia accusamus et occaecati dolore. Omnis excepturi est deleniti qui. Aliquid omnis vel occaecati quos sunt.', 3, '2019-01-23 05:05:00', '2019-01-23 05:05:00'),
(253, 36, 'Amely Wisozk IV', 'Nulla est quaerat deleniti officiis corporis minima ut quas. Velit et culpa velit repellat.', 1, '2019-01-23 05:05:00', '2019-01-23 05:05:00'),
(254, 7, 'Ms. Herta Jones III', 'Dolore ea temporibus porro velit vel maxime. Aut maxime dolorem repellat et. Expedita exercitationem quam qui reprehenderit libero nisi.', 0, '2019-01-23 05:05:00', '2019-01-23 05:05:00'),
(255, 13, 'Stacy Prosacco', 'Architecto soluta laborum ad reiciendis. Eaque eligendi ipsum voluptas ex. Consequatur doloremque quia iusto ipsam. Nesciunt beatae rerum eos esse quidem est illum.', 5, '2019-01-23 05:05:00', '2019-01-23 05:05:00'),
(256, 11, 'Leif Mitchell', 'Incidunt neque ipsum molestias temporibus eos. Consequatur accusamus voluptatum alias quisquam odit. Qui aspernatur error aliquam voluptatem quos consequatur. Suscipit voluptatem ea voluptates reiciendis odio.', 0, '2019-01-23 05:05:00', '2019-01-23 05:05:00'),
(257, 48, 'Mrs. Francisca Weissnat', 'Quas ipsa in quos facilis blanditiis. Quia occaecati cumque voluptas totam cupiditate fugit. Dolorum illum commodi illum ut molestiae nemo voluptas.', 5, '2019-01-23 05:05:00', '2019-01-23 05:05:00'),
(258, 50, 'Faustino Mraz', 'Sunt est quia et sit. Assumenda veniam voluptates alias quo ut ducimus voluptatem. Voluptatibus nemo laboriosam quis ut officia excepturi.', 2, '2019-01-23 05:05:00', '2019-01-23 05:05:00'),
(259, 48, 'Gwen Leffler', 'Magni sint similique corrupti dolores earum. Quam ea sit deserunt atque id dolorem voluptatem molestiae.', 4, '2019-01-23 05:05:00', '2019-01-23 05:05:00'),
(260, 31, 'Deja Kihn', 'Natus modi molestiae adipisci necessitatibus odit doloribus assumenda reiciendis. Ut culpa odit aut repellendus et et pariatur.', 3, '2019-01-23 05:05:00', '2019-01-23 05:05:00'),
(261, 27, 'Dr. Elfrieda Roob', 'Natus voluptate maiores harum magni qui distinctio aut. Placeat sed fuga est amet. Sit eius deleniti laboriosam fugit laboriosam occaecati nihil. Dolor commodi et et expedita dolorem voluptatum enim est.', 0, '2019-01-23 05:05:00', '2019-01-23 05:05:00'),
(262, 33, 'Clementine Von', 'Quasi numquam sapiente aut. Qui sunt exercitationem aut suscipit. Voluptatibus assumenda corporis maxime sint sunt quidem aut.', 1, '2019-01-23 05:05:00', '2019-01-23 05:05:00'),
(263, 27, 'Juliet Abernathy', 'Ea doloremque soluta quia qui. Non repellendus sint odio nihil sit. Consequatur delectus iste officiis minima. Unde quia harum veritatis repudiandae inventore. Animi odio eligendi possimus in voluptates necessitatibus.', 4, '2019-01-23 05:05:00', '2019-01-23 05:05:00'),
(264, 43, 'Yasmeen Weber', 'Adipisci ducimus in minus architecto temporibus dolorem rem sapiente. Et nobis ipsa quas. Debitis aut vel iste id nihil maxime nihil.', 4, '2019-01-23 05:05:00', '2019-01-23 05:05:00'),
(265, 9, 'Gabrielle Lang', 'Dolores sequi et omnis. Molestiae aperiam qui dolorem consequatur quod et autem. Consectetur doloremque dolores non totam libero.', 5, '2019-01-23 05:05:00', '2019-01-23 05:05:00'),
(266, 30, 'Prof. Reyna Schultz IV', 'Voluptatem eum explicabo autem accusamus architecto dicta id. Necessitatibus ex vel a dicta rerum. Tempore minus repudiandae rerum quae illo. Harum magni officia consequatur quas.', 4, '2019-01-23 05:05:00', '2019-01-23 05:05:00'),
(267, 48, 'Prof. Deangelo Turcotte II', 'Voluptas eum maiores corporis cupiditate sed ex sint. Placeat architecto occaecati officia quisquam. Nobis et repudiandae aut est molestiae aut qui sed. Ullam magnam id in sed quis.', 4, '2019-01-23 05:05:00', '2019-01-23 05:05:00'),
(268, 41, 'Maryam Bednar', 'Ut doloribus est quia quod maxime sed ut. Sint magnam dolores voluptate fugiat qui laudantium delectus fuga. Quia ut delectus laboriosam sint sit placeat nemo. Id voluptate et neque pariatur debitis excepturi. Commodi aut quia et et in nobis voluptatem.', 2, '2019-01-23 05:05:00', '2019-01-23 05:05:00'),
(269, 40, 'Anahi Langosh PhD', 'Velit assumenda dolorem autem. Eius placeat fugit asperiores consequatur mollitia perspiciatis. Voluptas vel molestias blanditiis autem. Ut quibusdam aut officiis eius.', 2, '2019-01-23 05:05:00', '2019-01-23 05:05:00'),
(270, 8, 'Roxane Krajcik', 'Aut et ex et minus culpa voluptatem hic dicta. Quia unde ut sint exercitationem tempora iure. Sunt minus quis quia magnam. Alias dicta sint consequuntur cumque totam ad ut natus.', 0, '2019-01-23 05:05:00', '2019-01-23 05:05:00'),
(271, 42, 'Mrs. Penelope Crona', 'Hic sed laborum assumenda tempora. Ad doloribus iusto distinctio aut illo optio. Temporibus modi nostrum quia repudiandae ipsum.', 3, '2019-01-23 05:05:00', '2019-01-23 05:05:00'),
(272, 7, 'Fausto Becker', 'Excepturi occaecati vel culpa magni id reiciendis. Voluptates officia excepturi at sit illum aspernatur asperiores. Sapiente est quis voluptatum sequi.', 1, '2019-01-23 05:05:00', '2019-01-23 05:05:00'),
(273, 29, 'Matteo Kozey I', 'Earum repudiandae ea et quam soluta. Adipisci sint fuga numquam. Sed excepturi iste molestias excepturi.', 3, '2019-01-23 05:05:00', '2019-01-23 05:05:00'),
(274, 16, 'Jacklyn Sanford', 'Eligendi provident cum illum enim totam necessitatibus hic eos. Sint et dignissimos mollitia distinctio animi et sit. Temporibus molestiae laborum minus eum. Eos dolorum recusandae in itaque explicabo omnis amet.', 5, '2019-01-23 05:05:00', '2019-01-23 05:05:00'),
(275, 13, 'Coralie Upton', 'Est autem numquam vitae mollitia id et. Eligendi impedit velit neque. Quos voluptas autem eaque ipsum ut.', 3, '2019-01-23 05:05:00', '2019-01-23 05:05:00'),
(276, 22, 'Josefina Dooley', 'Ea quidem commodi odit placeat ea. Est repudiandae quae maxime est illo distinctio. Id et vel recusandae earum. Nemo ducimus ea aut et minima qui.', 1, '2019-01-23 05:05:00', '2019-01-23 05:05:00'),
(277, 2, 'Alana Kassulke', 'Vero dicta sequi et modi nesciunt. Vel maiores odio distinctio similique exercitationem.', 1, '2019-01-23 05:05:00', '2019-01-23 05:05:00'),
(278, 41, 'Aglae Grimes', 'Quasi nisi aut assumenda error quidem amet aut ipsum. Eveniet odio veritatis laboriosam. In laboriosam recusandae dolorem omnis. Omnis aut id dolorem atque corporis consequatur fuga voluptas.', 5, '2019-01-23 05:05:00', '2019-01-23 05:05:00'),
(279, 31, 'Leonie Powlowski', 'Laboriosam neque praesentium ab cum maiores. Sed est similique ut. Et ut sequi et. Molestiae ab iste sed qui quos.', 2, '2019-01-23 05:05:00', '2019-01-23 05:05:00'),
(280, 34, 'Mike Sporer', 'Animi aliquid alias consequatur voluptatem est rerum. Quaerat maiores rerum praesentium neque. Adipisci quaerat doloribus nulla. Ut quam eaque saepe fugiat expedita neque minus tempora.', 1, '2019-01-23 05:05:00', '2019-01-23 05:05:00'),
(281, 21, 'Neha Kemmer', 'Sequi ducimus atque earum qui fugit. Quo dolores ea est maiores optio facilis. In vel ut debitis molestiae et consectetur quos ut.', 4, '2019-01-23 05:05:00', '2019-01-23 05:05:00'),
(282, 11, 'Christa Satterfield', 'Velit totam minima minus et aperiam quia quasi at. Maxime ullam explicabo at asperiores consequatur. Sapiente sunt dolorem aut hic ut et officia. Illo autem qui sint iste.', 2, '2019-01-23 05:05:00', '2019-01-23 05:05:00'),
(283, 31, 'Miss Eryn Dickinson', 'Quibusdam ex quos sed qui ut necessitatibus qui. Neque porro maxime eius incidunt assumenda. Corrupti incidunt soluta iste accusamus amet. Ex distinctio omnis ipsa dolor rerum quos dolores doloremque.', 1, '2019-01-23 05:05:00', '2019-01-23 05:05:00'),
(284, 26, 'Lilly Boyer', 'Officiis maxime dolorem sint et natus reprehenderit. Repellendus quia corporis sapiente doloribus. Debitis voluptate repellendus sed incidunt. Magnam sint non qui laudantium accusamus alias et.', 2, '2019-01-23 05:05:00', '2019-01-23 05:05:00'),
(285, 20, 'Prof. Theron Windler II', 'Nisi ullam saepe ratione officia enim esse pariatur asperiores. Dolore velit voluptatem dolorem harum eaque non nam esse. Maiores delectus reprehenderit sit laborum expedita.', 5, '2019-01-23 05:05:00', '2019-01-23 05:05:00'),
(286, 8, 'Miss Janis Ortiz', 'Asperiores qui cumque harum dolor. Voluptas suscipit explicabo voluptatem. Quia tempore facilis maxime est ut. Sit sit earum quis maiores qui voluptatum qui.', 1, '2019-01-23 05:05:00', '2019-01-23 05:05:00'),
(287, 17, 'Miss Lesly Ziemann', 'Accusamus omnis laudantium libero quam repudiandae placeat magni aliquam. Ea modi commodi ut et enim incidunt. Alias assumenda iste dignissimos sunt quo odio.', 3, '2019-01-23 05:05:00', '2019-01-23 05:05:00'),
(288, 10, 'Rosetta Kling Jr.', 'Eaque et et vero earum libero iure saepe et. Consequuntur molestiae dolor voluptas et ratione. Voluptatum quibusdam magnam doloremque.', 4, '2019-01-23 05:05:00', '2019-01-23 05:05:00'),
(289, 17, 'Mortimer Dare', 'Aperiam animi dignissimos earum neque voluptatem. Vitae ad ut iure eum. Consequatur culpa eos quo aperiam ratione quia. Cupiditate reprehenderit culpa explicabo illum autem.', 2, '2019-01-23 05:05:00', '2019-01-23 05:05:00'),
(290, 38, 'Otto Torp', 'Optio ea voluptatem pariatur a consequatur et. Veritatis dolorem iusto eum ex. Et repellat reiciendis non eaque consequatur itaque illum quod. Doloremque natus qui quidem quia dolorum magni molestiae nesciunt.', 0, '2019-01-23 05:05:00', '2019-01-23 05:05:00'),
(291, 30, 'Dr. Leonard Lehner V', 'Occaecati atque ea minima et quibusdam voluptate dolores. Omnis quia ipsam dolores officia earum minus dolore. Placeat adipisci labore omnis voluptas odit est qui.', 0, '2019-01-23 05:05:00', '2019-01-23 05:05:00'),
(292, 18, 'Brigitte Lemke', 'Quae nisi tempore aut. Libero et voluptatem nemo occaecati. Molestiae ea est voluptatem dolorum ipsa.', 4, '2019-01-23 05:05:00', '2019-01-23 05:05:00'),
(293, 1, 'Kaycee Kozey', 'Aperiam consequatur maiores asperiores et. Voluptas at iure quaerat ut rerum non inventore est. Excepturi dolores blanditiis est non dolor minima vel.', 4, '2019-01-23 05:05:00', '2019-01-23 05:05:00'),
(294, 32, 'Erwin Stoltenberg III', 'Fuga ut dignissimos facilis culpa. Praesentium reiciendis a deleniti rerum illum. Et explicabo est error dolores. Aut sed unde rerum error non laudantium sequi.', 2, '2019-01-23 05:05:00', '2019-01-23 05:05:00'),
(295, 22, 'Curt Schneider IV', 'Minima blanditiis corrupti quibusdam est ullam aut et. Architecto ullam qui corrupti nulla sapiente qui voluptatibus.', 0, '2019-01-23 05:05:00', '2019-01-23 05:05:00'),
(296, 4, 'Miss Antonina Larkin DDS', 'Autem quisquam ab numquam. Autem nam aliquid aut et eos magnam perferendis.', 2, '2019-01-23 05:05:00', '2019-01-23 05:05:00'),
(297, 10, 'Estefania Crist', 'Quod dolore modi autem quidem aut. At vel et similique sed dolores reiciendis autem. Velit eligendi in culpa enim. Eligendi pariatur mollitia fugiat sapiente.', 4, '2019-01-23 05:05:00', '2019-01-23 05:05:00'),
(298, 19, 'Roselyn Hermiston', 'Id labore impedit voluptas et minima quod ratione. Est cumque et odit totam repellat tenetur architecto. Natus omnis officia pariatur praesentium aliquid assumenda et.', 5, '2019-01-23 05:05:00', '2019-01-23 05:05:00'),
(299, 30, 'Sylvester Turcotte', 'Ipsum est sequi fuga qui. Nisi saepe alias sint quis illo et est. Repudiandae atque ullam sint harum rem autem in. Itaque consequatur molestiae soluta a.', 5, '2019-01-23 05:05:00', '2019-01-23 05:05:00'),
(300, 28, 'Lydia Reichel', 'Rerum omnis nulla velit quia consequatur eos consequatur. Doloremque nisi quis qui nobis odit. Exercitationem earum corrupti pariatur id voluptas aut odit. Iusto explicabo quod corrupti blanditiis vero inventore quo. Eius exercitationem eaque ipsum quia rerum corporis.', 1, '2019-01-23 05:05:00', '2019-01-23 05:05:00');

-- --------------------------------------------------------

--
-- Table structure for table `users`
--

CREATE TABLE `users` (
  `id` int(10) UNSIGNED NOT NULL,
  `name` varchar(191) COLLATE utf8mb4_unicode_ci NOT NULL,
  `email` varchar(191) COLLATE utf8mb4_unicode_ci NOT NULL,
  `email_verified_at` timestamp NULL DEFAULT NULL,
  `password` varchar(191) COLLATE utf8mb4_unicode_ci NOT NULL,
  `remember_token` varchar(100) COLLATE utf8mb4_unicode_ci DEFAULT NULL,
  `created_at` timestamp NULL DEFAULT NULL,
  `updated_at` timestamp NULL DEFAULT NULL
) ENGINE=InnoDB DEFAULT CHARSET=utf8mb4 COLLATE=utf8mb4_unicode_ci;

--
-- Dumping data for table `users`
--

INSERT INTO `users` (`id`, `name`, `email`, `email_verified_at`, `password`, `remember_token`, `created_at`, `updated_at`) VALUES
(1, 'Romaine Lang', 'grady.karl@example.com', '2019-01-23 05:04:58', '$2y$10$TKh8H1.PfQx37YgCzwiKb.KjNyWgaHb9cbcoQgdIVFlYg7B77UdFm', 'qUf7FSydEh', '2019-01-23 05:04:58', '2019-01-23 05:04:58'),
(2, 'Destiney Moore', 'emmerich.orrin@example.net', '2019-01-23 05:04:58', '$2y$10$TKh8H1.PfQx37YgCzwiKb.KjNyWgaHb9cbcoQgdIVFlYg7B77UdFm', 'ursiK8DqM2', '2019-01-23 05:04:58', '2019-01-23 05:04:58'),
(3, 'Abbie Moore', 'howard52@example.net', '2019-01-23 05:04:58', '$2y$10$TKh8H1.PfQx37YgCzwiKb.KjNyWgaHb9cbcoQgdIVFlYg7B77UdFm', 'S4Z5Iw5XLm', '2019-01-23 05:04:58', '2019-01-23 05:04:58'),
(4, 'Vinnie Beier', 'hayes.cristal@example.net', '2019-01-23 05:04:58', '$2y$10$TKh8H1.PfQx37YgCzwiKb.KjNyWgaHb9cbcoQgdIVFlYg7B77UdFm', 'qHZq4PXYw4', '2019-01-23 05:04:58', '2019-01-23 05:04:58'),
(5, 'Peggie Beier', 'helen.carter@example.net', '2019-01-23 05:04:58', '$2y$10$TKh8H1.PfQx37YgCzwiKb.KjNyWgaHb9cbcoQgdIVFlYg7B77UdFm', 'EnblQ30rbp', '2019-01-23 05:04:58', '2019-01-23 05:04:58');

--
-- Indexes for dumped tables
--

--
-- Indexes for table `migrations`
--
ALTER TABLE `migrations`
  ADD PRIMARY KEY (`id`);

--
-- Indexes for table `oauth_access_tokens`
--
ALTER TABLE `oauth_access_tokens`
  ADD PRIMARY KEY (`id`),
  ADD KEY `oauth_access_tokens_user_id_index` (`user_id`);

--
-- Indexes for table `oauth_auth_codes`
--
ALTER TABLE `oauth_auth_codes`
  ADD PRIMARY KEY (`id`);

--
-- Indexes for table `oauth_clients`
--
ALTER TABLE `oauth_clients`
  ADD PRIMARY KEY (`id`),
  ADD KEY `oauth_clients_user_id_index` (`user_id`);

--
-- Indexes for table `oauth_personal_access_clients`
--
ALTER TABLE `oauth_personal_access_clients`
  ADD PRIMARY KEY (`id`),
  ADD KEY `oauth_personal_access_clients_client_id_index` (`client_id`);

--
-- Indexes for table `oauth_refresh_tokens`
--
ALTER TABLE `oauth_refresh_tokens`
  ADD PRIMARY KEY (`id`),
  ADD KEY `oauth_refresh_tokens_access_token_id_index` (`access_token_id`);

--
-- Indexes for table `password_resets`
--
ALTER TABLE `password_resets`
  ADD KEY `password_resets_email_index` (`email`);

--
-- Indexes for table `products`
--
ALTER TABLE `products`
  ADD PRIMARY KEY (`id`),
  ADD KEY `products_user_id_index` (`user_id`);

--
-- Indexes for table `reviews`
--
ALTER TABLE `reviews`
  ADD PRIMARY KEY (`id`),
  ADD KEY `reviews_product_id_index` (`product_id`);

--
-- Indexes for table `users`
--
ALTER TABLE `users`
  ADD PRIMARY KEY (`id`),
  ADD UNIQUE KEY `users_email_unique` (`email`);

--
-- AUTO_INCREMENT for dumped tables
--

--
-- AUTO_INCREMENT for table `migrations`
--
ALTER TABLE `migrations`
  MODIFY `id` int(10) UNSIGNED NOT NULL AUTO_INCREMENT, AUTO_INCREMENT=19;

--
-- AUTO_INCREMENT for table `oauth_clients`
--
ALTER TABLE `oauth_clients`
  MODIFY `id` int(10) UNSIGNED NOT NULL AUTO_INCREMENT, AUTO_INCREMENT=3;

--
-- AUTO_INCREMENT for table `oauth_personal_access_clients`
--
ALTER TABLE `oauth_personal_access_clients`
  MODIFY `id` int(10) UNSIGNED NOT NULL AUTO_INCREMENT, AUTO_INCREMENT=2;

--
-- AUTO_INCREMENT for table `products`
--
ALTER TABLE `products`
  MODIFY `id` int(10) UNSIGNED NOT NULL AUTO_INCREMENT, AUTO_INCREMENT=51;

--
-- AUTO_INCREMENT for table `reviews`
--
ALTER TABLE `reviews`
  MODIFY `id` int(10) UNSIGNED NOT NULL AUTO_INCREMENT, AUTO_INCREMENT=302;

--
-- AUTO_INCREMENT for table `users`
--
ALTER TABLE `users`
  MODIFY `id` int(10) UNSIGNED NOT NULL AUTO_INCREMENT, AUTO_INCREMENT=6;

--
-- Constraints for dumped tables
--

--
-- Constraints for table `reviews`
--
ALTER TABLE `reviews`
  ADD CONSTRAINT `reviews_product_id_foreign` FOREIGN KEY (`product_id`) REFERENCES `products` (`id`) ON DELETE CASCADE;
COMMIT;

/*!40101 SET CHARACTER_SET_CLIENT=@OLD_CHARACTER_SET_CLIENT */;
/*!40101 SET CHARACTER_SET_RESULTS=@OLD_CHARACTER_SET_RESULTS */;
/*!40101 SET COLLATION_CONNECTION=@OLD_COLLATION_CONNECTION */;
